journal_name,issn,field,n_articles,n_with_review_time,median_days_submission_to_acceptance,p25_review,p75_review,mean_days_submission_to_acceptance,median_days_acceptance_to_publication,median_days_total,data_sources,publisher,sjr_rank,sjr_score
Contemporary Accounting Research,0823-9150,Accounting,46,38,843.5,666.75,954.0,797.1842105263158,80.0,952.0,crossref_assertion,John Wiley and Sons Inc,683,3.069
Journal of Accounting Research,1475-679X,Accounting,40,33,658.0,512.0,824.0,675.9090909090909,97.0,753.0,crossref_assertion,Wiley-Blackwell Publishing Ltd,115,8.396
Review of Accounting Studies,1573-7136,Accounting,23,21,623.0,489.0,846.0,655.4285714285714,49.0,677.0,crossref_assertion,Springer New York,223,5.817
Journal of Finance,0022-1082,Accounting,39,31,619.0,464.0,784.0,607.3870967741935,235.0,983.5,crossref_assertion,Wiley-Blackwell Publishing Ltd,9,22.836
Financial Management,0046-3892,Accounting,34,34,258.5,69.75,434.0,264.8235294117647,19.0,291.0,crossref_assertion,Wiley-Blackwell,627,3.226
Financial Analysts Journal,0015-198X,Accounting,44,44,206.0,167.75,328.0,250.4318181818182,39.5,246.0,crossref_assertion,Taylor and Francis Ltd.,1259,2.148
Journal of General Physiology,0022-1295,Anatomy & Physiology,40,40,214.0,112.0,293.5,225.95,,,pubmed,Rockefeller University Press,2760,1.382
Anatomical Sciences Education,1935-9772,Anatomy & Physiology,67,67,200.0,135.5,276.5,205.62686567164178,28.0,234.0,"crossref_assertion, pubmed",John Wiley &amp; Sons Inc.,3474,1.216
American Journal of Physiology - Lung Cellular and Molecular Physiology,1522-1504,Anatomy & Physiology,46,46,167.5,107.0,215.25,162.19565217391303,32.0,197.5,crossref_assertion,American Physiological Society,3365,1.24
Human Brain Mapping,1065-9471,Anatomy & Physiology,49,49,155.0,114.0,207.0,162.3877551020408,,,pubmed,Wiley-Liss Inc.,2175,1.584
Brain Structure and Function,1863-2653,Anatomy & Physiology,96,96,151.0,106.75,212.0,166.78125,16.0,182.0,"crossref_assertion, pubmed",Springer Science and Business Media Deutschland GmbH,3332,1.245
Journal of Physiology,0022-3751,Anatomy & Physiology,50,50,141.0,46.5,238.5,166.08,,,pubmed,John Wiley and Sons Inc,1878,1.715
"Plant, Cell and Environment",0140-7791,Anatomy & Physiology,87,87,118.0,96.5,162.5,130.10344827586206,12.0,146.0,"crossref_assertion, pubmed",John Wiley and Sons Inc,1256,2.15
Journal of Experimental Botany,1460-2431,Anatomy & Physiology,48,48,117.0,79.5,155.75,124.125,,,pubmed,Oxford University Press,1770,1.778
New Phytologist,1469-8137,Anatomy & Physiology,91,91,102.0,70.0,144.5,109.67032967032966,27.0,142.0,"crossref_assertion, pubmed",Wiley-Blackwell Publishing Ltd,612,3.293
Advances in Anatomic Pathology,1072-4109,Anatomy & Physiology,17,17,94.0,60.0,100.0,114.29411764705883,38.0,98.0,"crossref_assertion, pubmed",Lippincott Williams and Wilkins Ltd.,3148,1.286
Temperature,2332-8940,Anatomy & Physiology,35,35,93.0,59.5,130.0,104.17142857142858,20.0,116.0,crossref_assertion,Taylor and Francis Ltd.,3305,1.25
American Journal of Surgical Pathology,1532-0979,Anatomy & Physiology,25,25,77.0,43.0,147.0,96.68,31.0,206.0,"crossref_assertion, pubmed",Wolters Kluwer Health,1950,1.684
Acta Physiologica,1748-1716,Anatomy & Physiology,48,48,68.0,6.5,163.5,99.5,,,pubmed,John Wiley and Sons Ltd,2306,1.528
Physiology,1548-9213,Anatomy & Physiology,48,48,50.0,2.0,75.75,64.97916666666667,6.5,82.0,crossref_assertion,American Physiological Society,1628,1.873
Pain Reports,2471-2531,Anesthesiology,50,50,158.5,114.0,206.25,177.98,93.0,267.5,"crossref_assertion, pubmed",Lippincott Williams and Wilkins,3304,1.25
Journal of Pain,1526-5900,Anesthesiology,49,49,155.0,94.0,212.0,148.14285714285714,,,pubmed,Elsevier B.V.,2854,1.357
European Journal of Pain,1090-3801,Anesthesiology,50,50,141.5,92.25,188.75,148.12,16.0,177.0,"crossref_assertion, pubmed",John Wiley and Sons Inc,3073,1.303
Leukemia,0887-6924,Anesthesiology,55,55,120.0,84.5,174.0,142.12727272727273,15.0,127.0,"crossref_assertion, pubmed",Springer Nature,552,3.458
Pain,1872-6623,Anesthesiology,64,64,118.0,73.5,199.25,138.640625,63.0,237.0,"crossref_assertion, pubmed",Lippincott Williams and Wilkins,1410,2.017
European Journal of Anaesthesiology,0265-0215,Anesthesiology,62,62,103.5,51.0,169.75,116.35483870967742,55.0,211.0,"crossref_assertion, pubmed",Lippincott Williams and Wilkins,3300,1.25
Journal of Clinical Anesthesia,1873-4529,Anesthesiology,48,48,100.0,45.0,161.5,112.04166666666667,,,pubmed,Elsevier Inc.,2958,1.333
Seminars in Arthritis and Rheumatism,0049-0172,Anesthesiology,49,49,93.0,51.0,137.0,100.79591836734694,,,pubmed,W.B. Saunders,1625,1.874
Journal of Pain and Symptom Management,1873-6513,Anesthesiology,50,50,83.5,39.25,116.75,84.46,,,pubmed,Elsevier Inc.,3526,1.205
Journal of Headache and Pain,1129-2377,Anesthesiology,51,51,62.0,34.0,98.0,81.58823529411765,8.0,110.5,"crossref_assertion, pubmed",Springer-Verlag Italia s.r.l.,1346,2.066
Regional Anesthesia and Pain Medicine,1098-7339,Anesthesiology,49,49,58.0,21.0,88.0,61.48979591836735,,,pubmed,BMJ Publishing Group,2655,1.411
British Journal of Anaesthesia,0007-0912,Anesthesiology,50,50,39.5,19.5,74.0,51.38,,,pubmed,Elsevier Ltd,1058,2.36
ILAR Journal,1930-6180,Animal Science & Veterinary,44,44,204.0,112.0,420.0,275.27272727272725,,,pubmed,Oxford University Press,4598,1.029
Journal of Animal Ecology,0021-8790,Animal Science & Veterinary,54,54,203.5,138.0,305.25,226.90740740740742,39.5,49.0,"crossref_assertion, pubmed",Wiley-Blackwell Publishing Ltd,1915,1.698
Animal,1751-732X,Animal Science & Veterinary,50,50,168.0,141.0,211.0,194.68,,,pubmed,Elsevier B.V.,4516,1.04
Animal Nutrition,2405-6383,Animal Science & Veterinary,50,50,146.0,109.25,211.75,165.4,,,pubmed,KeAi Communications Co.,1928,1.691
Current Research in Pharmacology and Drug Discovery,2590-2571,Animal Science & Veterinary,48,48,126.5,84.75,165.75,147.75,31.0,107.0,pubmed,Elsevier B.V.,3020,1.317
Journal of Dairy Science,1525-3198,Animal Science & Veterinary,50,50,107.5,73.75,129.0,116.92,,,pubmed,Elsevier Inc.,3302,1.25
Comparative Biochemistry and Physiology Part - C: Toxicology and Pharmacology,1532-0456,Animal Science & Veterinary,50,50,105.5,87.5,131.5,113.98,,,pubmed,Elsevier Inc.,4294,1.072
Journal of Animal Science and Biotechnology,1674-9782,Animal Science & Veterinary,49,49,90.0,76.0,99.0,91.51020408163265,,,pubmed,BioMed Central Ltd,2177,1.583
Poultry Science,1525-3171,Animal Science & Veterinary,50,50,62.5,47.75,85.25,72.04,,,pubmed,Elsevier Inc.,4377,1.063
EXCLI Journal,1611-2156,Animal Science & Veterinary,50,50,36.0,19.0,54.0,48.48,30.5,61.0,pubmed,Leibniz Research Centre for Working Environment and Human Factors,4370,1.063
International Journal of Computer Vision,0920-5691,Artificial Intelligence,49,49,308.0,223.0,402.0,320.8979591836735,65.0,389.0,crossref_assertion,Springer Netherlands,663,3.136
Nature Machine Intelligence,2522-5839,Artificial Intelligence,36,36,278.0,201.75,330.5,279.5,46.5,321.0,crossref_assertion,Springer International Publishing,215,5.876
Science Robotics,2470-9476,Artificial Intelligence,49,49,216.0,7.0,278.0,164.57142857142858,28.0,236.0,crossref_assertion,American Association for the Advancement of Science,211,5.94
Journal of Business Ethics,1573-0697,Arts & Humanities,46,45,365.0,265.0,445.0,384.97777777777776,15.0,396.0,crossref_assertion,Springer Netherlands,693,3.039
Behavior Research Methods,1554-3528,Arts & Humanities,49,49,258.0,168.0,362.0,285.9591836734694,60.0,331.0,crossref_assertion,Springer Nature,982,2.462
Psychonomic Bulletin and Review,1069-9384,Arts & Humanities,46,46,212.5,146.75,302.5,256.0,61.0,300.0,crossref_assertion,Springer New York,1475,1.972
Journal of Archaeological Research,1573-7756,Arts & Humanities,10,10,152.0,56.0,248.5,224.1,38.5,310.5,crossref_assertion,Springer New York,1822,1.748
Postdigital Science and Education,2524-485X,Arts & Humanities,46,46,18.0,8.25,164.25,76.65217391304348,29.5,52.5,crossref_assertion,Springer International Publishing AG,2159,1.591
Living Reviews in Solar Physics,1614-4961,Astronomy & Astrophysics,35,35,221.0,149.0,257.0,228.37142857142857,59.0,265.0,crossref_assertion,Springer International Publishing AG,146,7.431
Nature Astronomy,2397-3366,Astronomy & Astrophysics,30,30,211.5,175.5,370.0,264.46666666666664,35.0,251.0,crossref_assertion,Nature Publishing Group,421,4.006
Space Science Reviews,1572-9672,Astronomy & Astrophysics,47,47,172.0,110.5,276.5,210.2340425531915,21.0,193.0,crossref_assertion,Springer Netherlands,1118,2.289
Astronomy and Astrophysics Review,0935-4956,Astronomy & Astrophysics,39,39,148.0,113.0,182.5,178.76923076923077,51.0,199.0,crossref_assertion,Springer Verlag,94,9.465
Wiley Interdisciplinary Reviews: Climate Change,1757-7799,Atmospheric & Ocean Science,44,44,321.5,208.5,417.25,337.27272727272725,18.5,337.0,crossref_assertion,John Wiley &amp; Sons Inc.,473,3.803
Climate Policy,1469-3062,Atmospheric & Ocean Science,50,50,267.5,218.0,340.0,298.66,13.0,285.5,crossref_assertion,Taylor and Francis Ltd.,1132,2.275
Global Biogeochemical Cycles,0886-6236,Atmospheric & Ocean Science,47,47,184.0,140.0,244.5,207.08510638297872,16.0,202.0,crossref_assertion,Wiley-Blackwell,950,2.509
Advances in Atmospheric Sciences,1861-9533,Atmospheric & Ocean Science,44,44,162.5,107.5,193.5,165.27272727272728,131.5,295.5,crossref_assertion,Science Press,1412,2.013
Ocean-Land-Atmosphere Research,2771-0378,Atmospheric & Ocean Science,47,47,126.0,84.0,184.0,141.31914893617022,24.0,154.0,crossref_assertion,American Association for the Advancement of Science,2049,1.645
npj Climate and Atmospheric Science,2397-3722,Atmospheric & Ocean Science,48,48,112.0,89.5,147.75,122.3125,14.5,130.5,crossref_assertion,Springer Nature,760,2.907
Nature Methods,1548-7091,Biochemistry,24,24,357.0,301.5,416.0,349.375,92.0,371.5,"crossref_assertion, pubmed",Nature Research,27,17.251
Cell,0092-8674,Biochemistry,50,50,325.0,252.0,439.25,362.54,,,pubmed,Elsevier B.V.,11,22.612
Nature Catalysis,2520-1158,Biochemistry,47,47,273.0,237.5,337.5,290.70212765957444,37.0,279.0,"crossref_assertion, pubmed",Nature Publishing Group,42,14.132
Developmental Cell,1534-5807,Biochemistry,47,47,248.0,43.0,341.5,228.85106382978722,,,pubmed,Cell Press,281,5.18
Nature Protocols,1750-2799,Biochemistry,68,68,230.5,192.5,320.75,278.20588235294116,104.0,327.0,"crossref_assertion, pubmed",Springer Nature,217,5.854
Cell Genomics,2666-979X,Biochemistry,49,49,200.0,141.0,287.0,208.9387755102041,,,pubmed,Cell Press,197,6.238
Nature Medicine,1546-170X,Biochemistry,27,27,194.0,137.5,240.5,194.11111111111111,41.0,289.0,"crossref_assertion, pubmed",Nature Research,20,18.333
Blood,1528-0020,Biochemistry,33,33,150.0,95.0,176.0,152.21212121212122,,,pubmed,Elsevier B.V.,222,5.823
Chem,2451-9308,Biochemistry,5,5,119.0,118.0,231.0,207.8,,,pubmed,Elsevier Inc.,209,6.01
Annals of the Rheumatic Diseases,0003-4967,Biochemistry,50,50,88.5,56.0,119.25,93.1,,,pubmed,Elsevier B.V.,231,5.731
Protein and Cell,1674-8018,Biochemistry,45,45,75.0,52.0,133.0,103.82222222222222,,,pubmed,Oxford University Press,264,5.392
ACM Transactions on Computing for Healthcare,2637-8051,Biomedical Engineering,50,50,284.5,217.0,417.0,326.5,59.0,370.5,crossref_assertion,Association for Computing Machinery (ACM),2252,1.548
Polymer Reviews,1558-3724,Biomedical Engineering,50,50,235.0,182.0,316.0,264.3,18.0,263.0,crossref_assertion,Taylor and Francis Ltd.,911,2.585
npj Regenerative Medicine,2057-3995,Biomedical Engineering,50,50,190.0,144.5,245.75,201.98,,,pubmed,Nature Publishing Group,1362,2.058
Burns and Trauma,2321-3868,Biomedical Engineering,48,48,187.0,130.5,253.25,185.875,63.0,102.0,pubmed,Oxford University Press,1724,1.809
Osteoarthritis and Cartilage,1063-4584,Biomedical Engineering,49,49,163.0,108.0,216.0,161.89795918367346,,,pubmed,W.B. Saunders Ltd,1079,2.331
Bioengineering and Translational Medicine,2380-6761,Biomedical Engineering,86,86,161.5,120.25,211.75,169.34883720930233,23.0,210.0,"crossref_assertion, pubmed",John Wiley and Sons Inc,2456,1.478
BME Frontiers,2765-8031,Biomedical Engineering,52,52,109.5,75.25,136.25,109.15384615384616,30.0,77.5,"crossref_assertion, pubmed",American Association for the Advancement of Science,2124,1.605
Bio-Design and Manufacturing,2522-8552,Biomedical Engineering,73,73,104.0,75.0,124.0,104.53424657534246,142.0,249.0,"crossref_assertion, pubmed",Springer Singapore,2198,1.571
Biosensors and Bioelectronics,1873-4235,Biomedical Engineering,50,50,86.5,56.25,106.25,95.68,,,pubmed,Elsevier Ltd,1422,2.007
Phenomics,2730-583X,Biotechnology,59,59,212.0,159.0,275.5,237.25423728813558,204.0,536.0,"crossref_assertion, pubmed",Springer,1840,1.733
Molecular Ecology Resources,1755-098X,Biotechnology,49,49,186.0,142.0,244.0,219.6734693877551,,,pubmed,Wiley-Blackwell Publishing Ltd,1127,2.281
Phytochemistry Reviews,1568-7767,Biotechnology,92,92,184.5,134.0,302.25,231.7173913043478,29.5,259.0,"crossref_assertion, pubmed",Springer Science and Business Media B.V.,2596,1.431
Drug Discovery Today: Technologies,1740-6749,Biotechnology,43,43,151.0,92.5,241.0,186.0,,,pubmed,Elsevier Ltd,3437,1.223
Trends in Food Science and Technology,0924-2244,Biotechnology,43,43,130.0,92.0,223.0,147.41860465116278,,,pubmed,Elsevier Ltd,622,3.247
Food Control,0956-7135,Biotechnology,38,38,69.0,54.25,121.0,89.36842105263158,,,pubmed,Elsevier B.V.,3231,1.265
Journal of Water Process Engineering,2214-7144,Biotechnology,15,15,66.0,43.5,119.5,82.13333333333334,,,pubmed,Elsevier Ltd,2901,1.348
Frontiers in Genome Editing,2673-3439,Biotechnology,50,50,63.0,46.25,87.75,75.24,,39.0,pubmed,Frontiers Media SA,2973,1.329
iMeta,2770-596X,Biotechnology,71,71,44.0,29.0,63.0,55.50704225352113,18.5,61.5,"crossref_assertion, pubmed",John Wiley and Sons Inc,200,6.223
Strategic Management Journal,1097-0266,Business & Management,43,32,617.5,498.25,821.75,641.25,22.0,676.5,crossref_assertion,John Wiley and Sons Ltd,85,10.176
Journal of International Business Studies,0047-2506,Business & Management,35,35,509.0,393.0,658.0,507.6,60.0,590.0,crossref_assertion,Palgrave Macmillan,289,5.078
Journal of the Academy of Marketing Science,0092-0703,Business & Management,46,45,479.0,400.0,673.0,517.8888888888889,47.0,533.5,crossref_assertion,Springer New York,166,6.896
Circulation Research,0009-7330,Cardiovascular Medicine,30,30,217.5,158.75,258.0,215.0,39.0,265.5,crossref_assertion,Lippincott Williams and Wilkins,301,4.897
European Heart Journal,1522-9645,Cardiovascular Medicine,14,14,183.5,157.0,194.5,189.92857142857142,,,pubmed,Oxford University Press,295,4.987
Circulation: Arrhythmia and Electrophysiology,1941-3084,Cardiovascular Medicine,32,32,178.0,147.75,243.75,197.875,35.0,207.0,crossref_assertion,Lippincott Williams and Wilkins,563,3.416
Cardiovascular Research,1755-3245,Cardiovascular Medicine,25,25,157.0,89.0,198.0,156.56,,,pubmed,Oxford University Press,433,3.947
Circulation,0009-7322,Cardiovascular Medicine,18,18,123.0,74.0,238.75,164.22222222222223,55.0,223.5,crossref_assertion,Lippincott Williams and Wilkins,107,8.668
Cardiovascular Diabetology,1475-2840,Cardiovascular Medicine,49,49,69.0,52.0,97.0,78.44897959183673,,,pubmed,BioMed Central Ltd,595,3.353
JACC: Cardiovascular Imaging,1936-878X,Cardiovascular Medicine,48,48,68.5,10.5,149.5,91.27083333333333,,,pubmed,Elsevier Inc.,259,5.426
JACC: Heart Failure,2213-1787,Cardiovascular Medicine,50,50,62.0,7.0,112.75,72.68,,,pubmed,Elsevier Inc.,275,5.218
Revista Espanola de Cardiologia (English edition),1885-5857,Cardiovascular Medicine,50,50,57.0,37.0,94.5,66.38,,,pubmed,"Ediciones Doyma, S.L.",620,3.267
European Journal of Heart Failure,1388-9842,Cardiovascular Medicine,49,49,55.0,3.0,84.0,58.16326530612245,,,pubmed,John Wiley and Sons Ltd,242,5.559
JACC: CardioOncology,2666-0873,Cardiovascular Medicine,50,50,30.0,1.25,131.25,79.08,,,pubmed,Elsevier Inc.,482,3.768
JACC: Cardiovascular Interventions,1876-7605,Cardiovascular Medicine,50,50,20.5,7.0,91.5,49.52,,,pubmed,Elsevier Inc.,533,3.527
Journal of the American College of Cardiology,1558-3597,Cardiovascular Medicine,41,41,13.0,2.0,67.0,41.90243902439025,,,pubmed,Elsevier Inc.,102,9.015
Nature Biomedical Engineering,2157-846X,Chemical Engineering,50,50,483.0,396.75,522.5,491.56,49.0,533.0,"crossref_assertion, pubmed",Nature Research,86,10.105
Nature Chemistry,1755-4330,Chemical Engineering,34,34,332.0,270.25,427.25,358.4117647058824,40.5,370.5,crossref_assertion,Nature Publishing Group,179,6.71
Electrochemical Energy Reviews,2520-8136,Chemical Engineering,49,49,221.0,160.0,264.0,235.3265306122449,60.0,293.0,crossref_assertion,Springer Science and Business Media B.V.,138,7.79
Angewandte Chemie - International Edition,1433-7851,Chemical Engineering,49,49,83.0,56.0,101.0,82.34693877551021,13.0,104.0,crossref_assertion,John Wiley and Sons Ltd,245,5.55
Nature Materials,1476-4660,Chemistry,34,34,271.0,216.25,427.0,327.7352941176471,37.5,309.5,crossref_assertion,Nature Publishing Group,40,14.204
Nature Synthesis,2731-0582,Chemistry,33,33,251.0,186.0,316.0,262.030303030303,37.0,309.0,crossref_assertion,Nature Publishing Group,261,5.403
Aggregate,2766-8541,Chemistry,1,1,67.0,67.0,67.0,67.0,,,pubmed,John Wiley and Sons Inc,484,3.76
Annals of the International Communication Association,2380-8977,Communication & Media,11,11,396.0,287.5,488.5,404.45454545454544,22.0,410.0,crossref_assertion,Routledge,1018,2.41
International Journal of Advertising,1759-3948,Communication & Media,46,45,396.0,314.0,515.0,410.6222222222222,13.0,411.5,crossref_assertion,Taylor and Francis Ltd.,755,2.914
Political Communication,1058-4609,Communication & Media,1,1,302.0,302.0,302.0,302.0,19.0,321.0,crossref_assertion,Taylor and Francis Ltd.,1231,2.173
Journal of Operations Management,1873-1317,Computer Science (General),43,38,506.0,426.0,567.0,492.42105263157896,24.0,543.5,crossref_assertion,John Wiley &amp; Sons Inc.,337,4.52
ACM Computing Surveys,0360-0300,Computer Science (General),50,50,417.5,296.0,647.0,493.18,46.0,517.5,crossref_assertion,Association for Computing Machinery (ACM),225,5.797
GigaScience,2047-217X,Computer Science (General),30,30,169.5,124.75,204.75,178.43333333333334,,,pubmed,Oxford University Press,269,5.314
International Journal of Educational Technology in Higher Education,2365-9440,Computer Science (General),47,47,169.0,121.5,222.5,185.5531914893617,47.0,205.0,crossref_assertion,Springer Netherlands,443,3.912
npj Digital Medicine,2398-6352,Computer Science (General),51,51,161.0,130.5,221.0,179.4313725490196,14.0,255.0,"crossref_assertion, pubmed",Nature Publishing Group,387,4.164
Clinical Journal of the American Society of Nephrology,1555-905X,Critical Care & Emergency Medicine,37,37,165.0,124.0,200.0,169.51351351351352,5.0,206.0,"crossref_assertion, pubmed",Lippincott Williams and Wilkins,1043,2.377
Neurocritical Care,1556-0961,Critical Care & Emergency Medicine,61,61,136.0,90.0,187.0,136.9016393442623,35.5,157.0,"crossref_assertion, pubmed",Springer,3672,1.177
Journal of the American Society of Nephrology,1533-3450,Critical Care & Emergency Medicine,32,32,130.0,98.0,162.75,143.28125,5.5,131.5,"crossref_assertion, pubmed",Wolters Kluwer Health,485,3.749
Clinical Nutrition,1532-1983,Critical Care & Emergency Medicine,48,48,126.5,79.25,162.25,120.14583333333333,,,pubmed,Churchill Livingstone,1188,2.212
World Journal of Emergency Surgery,1749-7922,Critical Care & Emergency Medicine,48,48,104.0,80.0,177.5,133.29166666666666,,,pubmed,BioMed Central Ltd,2119,1.607
Annals of Intensive Care,2110-5820,Critical Care & Emergency Medicine,16,16,99.5,82.25,163.0,116.0625,,,pubmed,Springer-Verlag GmbH and Co. KG,2186,1.576
Chinese Medical Journal Pulmonary and Critical Care Medicine,2097-1982,Critical Care & Emergency Medicine,1,1,80.0,80.0,80.0,80.0,,,pubmed,Elsevier Beijing Ltd,2821,1.366
Academic Emergency Medicine,1553-2712,Critical Care & Emergency Medicine,67,67,75.0,25.0,119.0,76.56716417910448,21.0,89.5,"crossref_assertion, pubmed",Wiley-Blackwell,3430,1.225
Journal of Intensive Care,2052-0492,Critical Care & Emergency Medicine,50,50,69.0,52.5,91.0,71.86,33.0,111.0,"crossref_assertion, pubmed",Springer International Publishing AG,3150,1.286
Journal of Trauma and Acute Care Surgery,2163-0755,Critical Care & Emergency Medicine,79,79,69.0,27.0,101.0,83.87341772151899,58.0,169.0,"crossref_assertion, pubmed",Lippincott Williams and Wilkins,3132,1.29
Critical Care,1466-609X,Critical Care & Emergency Medicine,50,50,63.5,42.5,75.5,60.68,30.0,91.0,"crossref_assertion, pubmed",BioMed Central Ltd,837,2.738
American Journal of Respiratory and Critical Care Medicine,1073-449X,Critical Care & Emergency Medicine,50,50,42.0,10.25,151.5,82.98,,,pubmed,American Thoracic Society,290,5.076
Intensive Care Medicine,1432-1238,Critical Care & Emergency Medicine,43,43,42.0,17.0,85.0,53.81395348837209,,,pubmed,Springer Science and Business Media Deutschland GmbH,294,4.999
Clinical Oral Implants Research,1600-0501,Dentistry,54,54,185.5,117.5,258.25,189.44444444444446,17.5,182.5,"crossref_assertion, pubmed",Blackwell Munksgaard,1676,1.839
Journal of Periodontology,0022-3492,Dentistry,49,49,172.0,132.0,218.0,181.20408163265307,,,pubmed,John Wiley &amp; Sons Inc.,2994,1.324
Journal of Evidence-Based Dental Practice,1532-3382,Dentistry,28,28,164.5,119.0,235.25,188.21428571428572,,,pubmed,Elsevier Inc.,2939,1.337
Journal of Clinical Periodontology,1600-051X,Dentistry,53,53,159.0,125.0,186.0,157.11320754716982,40.0,240.0,"crossref_assertion, pubmed",Blackwell Munksgaard,924,2.543
International Journal of Oral Science,2049-3169,Dentistry,47,47,158.0,128.0,200.0,164.5744680851064,,,pubmed,Springer Nature,698,3.035
Dental Materials,0109-5641,Dentistry,50,50,135.5,97.5,163.5,139.04,,,pubmed,Elsevier Inc.,2319,1.524
Clinical Implant Dentistry and Related Research,1523-0899,Dentistry,49,49,135.0,96.0,160.0,135.53061224489795,,,pubmed,Wiley-Blackwell,3025,1.315
Journal of Prosthodontics,1059-941X,Dentistry,67,67,134.0,86.0,215.0,150.76119402985074,23.0,122.0,"crossref_assertion, pubmed",Wiley-Blackwell Publishing Ltd,2457,1.478
Progress in Orthodontics,1723-7785,Dentistry,45,45,126.0,82.0,168.0,128.95555555555555,,,pubmed,Springer Verlag,2281,1.538
International Endodontic Journal,1365-2591,Dentistry,71,71,120.0,90.0,158.5,130.19718309859155,14.0,136.0,"crossref_assertion, pubmed",Wiley-Blackwell Publishing Ltd,1073,2.335
Japanese Dental Science Review,1882-7616,Dentistry,50,50,110.5,77.5,165.0,137.24,,,pubmed,Elsevier Ltd,2189,1.575
Journal of Esthetic and Restorative Dentistry,1708-8240,Dentistry,61,61,100.0,68.0,139.0,111.95081967213115,14.0,119.0,"crossref_assertion, pubmed",Wiley-Blackwell,2579,1.437
Periodontology 2000,0906-6713,Dentistry,57,57,94.0,63.0,148.0,120.2280701754386,38.0,99.0,"crossref_assertion, pubmed",Blackwell Munksgaard,370,4.316
Journal of Dentistry,0300-5712,Dentistry,48,48,77.0,42.25,106.75,87.6875,,,pubmed,Elsevier Ltd,2301,1.53
Dermatology,1018-8665,Dermatology,49,49,150.0,83.0,204.0,153.0612244897959,89.5,291.5,pubmed,S. Karger AG,3983,1.123
JID Innovations,2667-0267,Dermatology,48,48,148.5,109.0,201.75,156.29166666666666,,,pubmed,Elsevier Inc.,3143,1.287
Journal of the American Academy of Dermatology,1097-6787,Dermatology,49,49,129.0,56.0,183.0,139.14285714285714,,,pubmed,Elsevier Inc.,3027,1.315
American Journal of Clinical Dermatology,1179-1888,Dermatology,35,35,128.0,101.0,153.5,137.02857142857144,,,pubmed,,668,3.104
Journal of Dermatological Science,1873-569X,Dermatology,48,48,125.0,83.0,167.25,131.52083333333334,,,pubmed,Elsevier Ireland Ltd,4235,1.082
Sexually Transmitted Infections,1472-3263,Dermatology,45,45,112.0,95.0,141.0,121.95555555555555,,,pubmed,BMJ Publishing Group,4676,1.019
Acta Dermato-Venereologica,1651-2057,Dermatology,48,48,100.0,48.25,151.75,108.27083333333333,,,pubmed,Medical Journals Sweden AB,4578,1.032
Journal of the European Academy of Dermatology and Venereology,0926-9959,Dermatology,56,56,92.5,17.0,149.0,96.19642857142857,16.0,132.0,"crossref_assertion, pubmed",John Wiley and Sons Inc,1251,2.154
British Journal of Dermatology,0007-0963,Dermatology,49,49,79.0,9.0,136.0,107.85714285714286,,,pubmed,Oxford University Press,986,2.459
Journal of Dermatology,1346-8138,Dermatology,73,73,72.0,41.0,122.0,90.78082191780823,10.5,116.0,"crossref_assertion, pubmed",John Wiley and Sons Inc,4869,0.994
Dermatology and Therapy,2193-8210,Dermatology,50,50,52.0,37.0,76.5,59.7,,,pubmed,Springer Verlag,1973,1.675
Journal of Dermatological Treatment,0954-6634,Dermatology,49,49,44.0,33.0,59.0,50.57142857142857,14.0,63.0,crossref_assertion,Informa Healthcare,4343,1.067
New Political Economy,1469-9923,Development Studies,26,26,310.0,220.0,506.0,355.84615384615387,16.0,338.0,crossref_assertion,Routledge,1221,2.182
International Journal of Urban and Regional Research,0309-1317,Development Studies,40,40,304.5,213.5,395.25,314.775,74.0,393.0,crossref_assertion,Wiley-Blackwell Publishing Ltd,2637,1.417
Applied Economic Perspectives and Policy,2040-5804,Development Studies,45,45,277.0,218.0,322.0,282.73333333333335,16.0,291.0,crossref_assertion,John Wiley &amp; Sons Inc.,2155,1.591
Food Policy,0306-9192,Development Studies,40,40,248.5,163.25,328.5,246.775,,,pubmed,Elsevier B.V.,1072,2.335
Housing Policy Debate,1051-1482,Development Studies,43,43,235.0,135.0,302.5,231.88372093023256,43.0,280.0,crossref_assertion,Taylor and Francis Ltd.,2680,1.405
Journal of Rural Studies,0743-0167,Development Studies,26,26,186.0,156.5,257.0,218.0,,,pubmed,Elsevier Ltd,1793,1.763
Corporate Social Responsibility and Environmental Management,1535-3958,Development Studies,48,48,156.0,102.5,220.75,181.54166666666666,14.0,170.0,crossref_assertion,John Wiley and Sons Ltd,1113,2.294
Sustainable Development,1099-1719,Development Studies,50,50,120.5,92.25,167.75,138.44,14.0,141.0,crossref_assertion,John Wiley and Sons Ltd,1559,1.922
Nature Geoscience,1752-0908,Earth Science,35,35,352.0,229.0,475.5,370.51428571428573,40.0,391.0,crossref_assertion,Nature Publishing Group,285,5.138
Reviews of Geophysics,1944-9208,Earth Science,44,44,244.0,205.75,283.25,251.11363636363637,28.5,279.0,crossref_assertion,John Wiley and Sons Inc,76,10.546
Communications Earth and Environment,2662-4435,Earth Science,49,49,194.0,155.0,239.0,234.26530612244898,16.0,232.0,crossref_assertion,Springer Nature,735,2.953
Earth's Future,2328-4277,Earth Science,48,48,186.5,143.0,251.0,197.5625,27.0,226.0,crossref_assertion,John Wiley &amp; Sons Inc.,804,2.819
AGU Advances,2576-604X,Earth Science,48,48,146.5,116.75,183.0,155.125,28.0,179.0,crossref_assertion,John Wiley and Sons Inc,951,2.507
Carbon Research,2731-6696,Earth Science,48,48,141.0,110.0,175.0,150.79166666666666,75.0,221.0,crossref_assertion,Springer Nature,666,3.116
Remote Sensing of Environment,0034-4257,Earth Science,8,8,133.0,119.0,163.0,138.625,,,pubmed,Elsevier Inc.,428,3.972
Nature Sustainability,2398-9629,Ecology & Evolution,38,38,320.5,211.0,382.5,337.2894736842105,40.0,380.0,"crossref_assertion, pubmed",Nature Publishing Group,151,7.292
Ecological Monographs,0012-9615,Ecology & Evolution,46,46,254.5,180.75,321.75,252.3913043478261,69.0,350.0,"crossref_assertion, pubmed",John Wiley &amp; Sons Inc.,573,3.383
Nature Ecology and Evolution,2397-334X,Ecology & Evolution,31,31,215.0,136.0,286.5,223.93548387096774,55.0,348.0,"crossref_assertion, pubmed",Nature Research,365,4.357
Ecology Letters,1461-023X,Ecology & Evolution,52,52,185.5,141.75,251.5,220.34615384615384,32.0,285.0,"crossref_assertion, pubmed",Wiley-Blackwell Publishing Ltd,446,3.905
Molecular Biology and Evolution,1537-1719,Ecology & Evolution,32,32,170.0,112.5,195.0,164.625,,,pubmed,Oxford University Press,404,4.085
Global Change Biology,1365-2486,Ecology & Evolution,48,48,150.5,125.5,190.0,154.60416666666666,19.0,172.0,crossref_assertion,Wiley-Blackwell Publishing Ltd,329,4.6
Fungal Diversity,1560-2745,Ecology & Evolution,49,49,125.0,96.0,157.0,147.3673469387755,44.0,171.0,"crossref_assertion, pubmed",Springer Nature,186,6.546
Trends in Ecology and Evolution,0169-5347,Ecology & Evolution,50,50,118.0,74.25,168.25,126.36,,,pubmed,Elsevier Ltd,302,4.876
ISME Journal,1751-7362,Ecology & Evolution,47,47,70.0,0.0,112.0,72.2127659574468,,,pubmed,Oxford University Press,427,3.973
Studies in Science Education,1940-8412,Education,21,21,272.0,158.0,331.0,275.9047619047619,22.0,326.0,crossref_assertion,Taylor and Francis Ltd.,736,2.951
Educational Psychology Review,1040-726X,Education,50,50,197.0,136.5,268.75,215.54,35.5,240.5,crossref_assertion,Springer New York,361,4.384
Child Development Perspectives,1750-8606,Education,11,11,194.0,146.5,253.5,199.1818181818182,253.0,447.0,crossref_assertion,Wiley-Blackwell Publishing Ltd,777,2.875
Journal of the American Academy of Child and Adolescent Psychiatry,0890-8567,Education,48,48,87.0,36.75,200.75,122.91666666666667,,,pubmed,Elsevier Inc.,715,3.005
The Lancet Child and Adolescent Health,2352-4642,Education,34,34,37.0,1.25,99.25,54.38235294117647,,,pubmed,Elsevier B.V.,372,4.289
Nature Electronics,2520-1131,Electrical & Electronic Engineering,27,27,364.0,325.0,446.0,398.44444444444446,40.0,404.0,crossref_assertion,Nature Publishing Group,71,11.082
npj Flexible Electronics,2397-4621,Electrical & Electronic Engineering,50,50,135.0,92.75,183.75,152.48,14.0,151.0,crossref_assertion,Nature Publishing Group,480,3.774
Nano-Micro Letters,2311-6706,Electrical & Electronic Engineering,49,49,66.0,55.0,79.0,67.65306122448979,40.0,106.0,crossref_assertion,Open Access Science Online,125,8.188
Obesity Reviews,1467-789X,Endocrinology & Metabolism,66,66,292.0,235.0,397.75,334.8181818181818,24.0,297.0,"crossref_assertion, pubmed",Wiley-Blackwell Publishing Ltd,716,3.005
Bone Research,2095-4700,Endocrinology & Metabolism,48,48,226.0,187.25,274.25,238.64583333333334,,,pubmed,Nature Publishing Group,410,4.048
Endocrine Reviews,1945-7189,Endocrinology & Metabolism,16,16,184.5,134.75,267.25,225.9375,,,pubmed,The Endocrine Society,98,9.175
Diabetes,0012-1797,Endocrinology & Metabolism,45,45,146.0,102.0,209.0,159.48888888888888,,,pubmed,American Diabetes Association Inc.,1062,2.355
Metabolism: Clinical and Experimental,0026-0495,Endocrinology & Metabolism,48,48,132.0,90.25,194.25,141.875,,,pubmed,W.B. Saunders,532,3.529
Diabetes and Metabolism Journal,2233-6087,Endocrinology & Metabolism,34,34,124.5,79.5,175.75,135.7058823529412,289.0,481.5,"crossref_assertion, pubmed",Korean Diabetes Association,1055,2.365
Diabetologia,0012-186X,Endocrinology & Metabolism,68,68,113.0,78.5,156.0,121.30882352941177,66.0,187.0,"crossref_assertion, pubmed",Springer Science and Business Media Deutschland GmbH,508,3.617
Current Diabetes Reports,1534-4827,Endocrinology & Metabolism,4,4,111.5,28.5,231.75,148.75,,,pubmed,Current Medicine Group,1242,2.163
Reviews in Endocrine and Metabolic Disorders,1573-2606,Endocrinology & Metabolism,10,10,79.5,55.75,92.75,78.9,,,pubmed,Springer Netherlands,997,2.446
Trends in Endocrinology and Metabolism,1043-2760,Endocrinology & Metabolism,50,50,73.0,46.25,113.5,80.58,,,pubmed,Elsevier Inc.,545,3.485
"Diabetes, Obesity and Metabolism",1463-1326,Endocrinology & Metabolism,93,93,62.0,38.0,85.0,67.08602150537635,15.0,83.0,"crossref_assertion, pubmed",John Wiley and Sons Inc,1154,2.251
Endocrine Pathology,1559-0097,Endocrinology & Metabolism,31,31,55.0,27.5,85.0,68.35483870967742,10.0,11.0,"crossref_assertion, pubmed",Springer,468,3.832
The Lancet Diabetes and Endocrinology,2213-8595,Endocrinology & Metabolism,40,40,52.5,0.75,84.0,57.2,,,pubmed,Elsevier Ltd,53,12.19
Carbon Energy,2637-9368,Energy,44,44,93.5,61.5,123.25,99.18181818181819,51.0,149.5,crossref_assertion,John Wiley &amp; Sons Inc.,235,5.701
Battery Energy,2768-1696,Energy,48,48,89.0,64.75,119.25,96.64583333333333,20.5,116.0,crossref_assertion,John Wiley and Sons Inc,942,2.516
Energy Material Advances,2692-7640,Energy,12,12,76.0,66.5,111.25,86.16666666666667,214.5,312.5,crossref_assertion,American Association for the Advancement of Science,566,3.415
Energy and Environmental Materials,2575-0348,Energy,49,49,62.0,46.0,92.0,70.48979591836735,53.0,121.0,crossref_assertion,John Wiley &amp; Sons Inc.,509,3.615
Environmental Politics,0964-4016,Environmental Science,43,43,297.0,214.0,374.5,321.13953488372096,15.0,323.0,crossref_assertion,Routledge,854,2.7
Nature Climate Change,1758-6798,Environmental Science,23,23,280.0,201.5,396.5,343.9130434782609,37.0,319.0,crossref_assertion,Nature Research,127,8.046
Environmental Chemistry Letters,1610-3653,Environmental Science,41,41,209.0,156.0,271.0,216.34146341463415,21.0,235.0,crossref_assertion,Springer Nature,438,3.929
Methods in Ecology and Evolution,2041-210X,Environmental Science,75,75,164.0,113.0,225.5,172.90666666666667,33.5,203.0,"crossref_assertion, pubmed",British Ecological Society,739,2.945
Nature Water,2731-6084,Environmental Science,32,32,161.0,132.5,262.25,209.3125,47.5,200.5,crossref_assertion,Springer Nature,210,5.962
Current Environmental Health Reports,2196-5412,Environmental Science,35,35,157.0,95.0,222.0,162.71428571428572,,,pubmed,Springer International Publishing AG,797,2.833
Microplastics and Nanoplastics,2662-4966,Environmental Science,48,48,115.5,90.75,144.25,126.02083333333333,24.0,143.0,crossref_assertion,Springer Nature,412,4.031
Financial Innovation,2199-4730,Finance,49,49,576.0,464.0,724.0,577.5714285714286,102.0,681.0,crossref_assertion,SpringerOpen,3142,1.287
Finance and Stochastics,1432-1122,Finance,49,48,463.0,367.5,594.0,511.0208333333333,247.0,774.5,crossref_assertion,Springer Verlag,4816,1.002
Financial Review,1540-6288,Finance,45,43,234.0,168.5,410.5,281.7906976744186,15.0,260.0,crossref_assertion,Wiley-Blackwell,5277,0.948
JHEP Reports,2589-5559,Gastroenterology & Hepatology,47,47,155.0,86.5,225.5,149.72340425531914,,,pubmed,Elsevier B.V.,534,3.525
Gut Microbes,1949-0984,Gastroenterology & Hepatology,49,49,129.0,104.0,188.0,162.14285714285714,10.0,138.0,crossref_assertion,Landes Bioscience,513,3.609
Cellular and Molecular Gastroenterology and Hepatology,2352-345X,Gastroenterology & Hepatology,47,47,128.0,13.5,250.0,148.53191489361703,42.0,88.5,pubmed,Elsevier Inc.,682,3.069
Liver Cancer,2235-1795,Gastroenterology & Hepatology,48,48,113.5,78.75,148.0,118.33333333333333,,,pubmed,S. Karger AG,820,2.779
American Journal of Gastroenterology,1572-0241,Gastroenterology & Hepatology,65,65,89.0,41.0,131.0,96.55384615384615,10.5,128.0,"crossref_assertion, pubmed",Wolters Kluwer Health,1068,2.344
Clinical Gastroenterology and Hepatology,1542-7714,Gastroenterology & Hepatology,49,49,88.0,20.0,141.0,91.75510204081633,,,pubmed,W.B. Saunders,537,3.509
Gastroenterology,1528-0012,Gastroenterology & Hepatology,47,47,84.0,7.0,159.5,104.0,,,pubmed,W.B. Saunders,153,7.195
Hepatology,0270-9139,Gastroenterology & Hepatology,75,75,76.0,2.0,128.0,78.72,26.0,125.5,"crossref_assertion, pubmed",Lippincott Williams and Wilkins,243,5.557
Gut,1468-3288,Gastroenterology & Hepatology,48,48,43.5,9.75,123.0,81.25,,,pubmed,BMJ Publishing Group,103,8.874
Journal of Hepatology,1600-0641,Gastroenterology & Hepatology,49,49,23.0,5.0,200.0,100.89795918367346,,,pubmed,Elsevier B.V.,75,10.575
The Lancet Gastroenterology and Hepatology,2468-1253,Gastroenterology & Hepatology,38,38,20.0,6.25,78.0,52.3421052631579,,,pubmed,Elsevier Ltd,66,11.398
Clinical and Molecular Hepatology,2287-2728,Gastroenterology & Hepatology,54,54,15.0,5.25,52.75,38.351851851851855,10.0,21.0,"crossref_assertion, pubmed",Korean Association for the Study of the Liver,502,3.635
Alimentary Pharmacology and Therapeutics,0269-2813,Gastroenterology & Hepatology,70,70,6.0,3.0,16.0,30.37142857142857,21.0,44.0,"crossref_assertion, pubmed",John Wiley and Sons Inc,768,2.892
Science Translational Medicine,1946-6234,General & Internal Medicine,47,47,377.0,288.5,497.5,386.8723404255319,29.0,410.0,crossref_assertion,American Association for the Advancement of Science,178,6.722
Physiological Reviews,1522-1210,General & Internal Medicine,47,47,240.0,201.0,284.0,255.5531914893617,128.0,376.0,crossref_assertion,American Physiological Society,56,12.167
JNCCN Journal of the National Comprehensive Cancer Network,1540-1413,General & Internal Medicine,36,36,125.0,94.5,160.75,146.19444444444446,,,pubmed,Harborside Press,250,5.514
The Lancet Global Health,2572-116X,General & Internal Medicine,44,44,111.0,23.75,182.0,120.06818181818181,,,pubmed,Elsevier Ltd,216,5.87
Reports on Progress in Physics,1361-6633,General & Internal Medicine,40,40,107.5,75.75,192.25,143.3,,,pubmed,IOP Publishing Ltd.,238,5.666
Journal of Thoracic Oncology,1556-1380,General & Internal Medicine,45,45,77.0,4.0,111.0,71.13333333333334,,,pubmed,Elsevier Inc.,133,7.948
The Lancet,0140-6736,General & Internal Medicine,42,42,27.0,3.0,76.0,49.333333333333336,,,pubmed,Elsevier B.V.,59,12.113
Journal of Product Innovation Management,1540-5885,General Engineering,45,44,685.5,592.75,806.0,649.0454545454545,59.0,792.0,crossref_assertion,Wiley-Blackwell Publishing Ltd,517,3.598
Journal of Management in Engineering,1943-5479,General Engineering,50,50,153.0,123.0,198.0,162.2,140.5,299.0,crossref_assertion,American Society of Civil Engineers (ASCE),2092,1.619
Deep Underground Science and Engineering,2097-0668,General Engineering,47,47,96.0,74.5,138.0,108.59574468085107,100.0,212.0,crossref_assertion,John Wiley and Sons Inc,3420,1.228
European Physical Journal C,1434-6052,General Engineering,48,48,83.5,51.75,127.75,98.9375,21.0,109.5,crossref_assertion,,2918,1.343
Nano Convergence,2196-5404,General Engineering,48,48,66.5,52.75,87.25,73.72916666666667,14.0,80.0,crossref_assertion,SpringerOpen,843,2.728
Nature Genetics,1061-4036,Genetics & Genomics,30,30,390.0,248.5,496.0,417.23333333333335,50.0,963.5,"crossref_assertion, pubmed",Nature Research,29,16.586
Genome Research,1549-5469,Genetics & Genomics,47,47,253.0,181.5,313.0,272.51063829787233,,,pubmed,Cold Spring Harbor Laboratory Press,445,3.909
Nucleic Acids Research,0305-1048,Genetics & Genomics,44,44,205.5,148.75,258.75,209.97727272727272,,,pubmed,Oxford University Press,139,7.776
Genome Medicine,1756-994X,Genetics & Genomics,50,50,198.0,169.0,288.25,226.2,,,pubmed,BioMed Central Ltd,288,5.078
Genetics in Medicine,1098-3600,Genetics & Genomics,49,49,183.0,142.0,240.0,182.20408163265307,,,pubmed,Elsevier B.V.,866,2.683
npj Genomic Medicine,2056-7944,Genetics & Genomics,48,48,173.5,140.25,225.25,203.72916666666666,,,pubmed,Nature Publishing Group,1224,2.178
Plant Physiology,0032-0889,Genetics & Genomics,19,19,167.0,84.0,232.0,165.1578947368421,,,pubmed,American Society of Plant Biologists,1243,2.162
American Journal of Human Genetics,1537-6605,Genetics & Genomics,46,46,162.0,116.25,208.75,160.93478260869566,,,pubmed,Cell Press,335,4.531
Mutation Research - Reviews in Mutation Research,1388-2139,Genetics & Genomics,49,49,145.0,96.0,206.0,164.22448979591837,23.0,97.5,pubmed,Elsevier B.V.,1612,1.882
PLoS Pathogens,1553-7374,Genetics & Genomics,41,41,141.0,101.0,184.0,163.5121951219512,,,pubmed,Public Library of Science,1454,1.987
Journal of Genetics and Genomics,1673-8527,Genetics & Genomics,49,49,112.0,79.0,130.0,118.0,,,pubmed,Institute of Genetics and Developmental Biology,1611,1.882
Genetics,1943-2631,Genetics & Genomics,20,20,66.0,39.75,93.25,71.95,,,pubmed,Oxford University Press,1135,2.272
Trends in Genetics,0168-9525,Genetics & Genomics,50,50,63.5,43.5,98.5,74.7,,,pubmed,Elsevier Ltd,439,3.928
Journal of Sustainable Tourism,0966-9582,Geography & Urban Studies,50,50,274.0,201.0,359.25,281.64,15.0,303.5,crossref_assertion,Taylor and Francis Ltd.,839,2.733
Current Issues in Tourism,1747-7603,Geography & Urban Studies,49,49,238.0,113.0,326.0,237.6734693877551,9.0,247.0,crossref_assertion,Taylor and Francis Ltd.,1906,1.703
Transport Reviews,0144-1647,Geography & Urban Studies,47,47,217.0,169.0,318.0,250.95744680851064,14.0,244.0,crossref_assertion,Routledge,709,3.011
Democratization,1351-0347,Geography & Urban Studies,41,41,198.0,161.0,254.0,207.29268292682926,28.0,237.0,crossref_assertion,Taylor and Francis Ltd.,1491,1.964
Nature Aging,2662-8465,Geriatrics,29,29,342.0,240.0,430.0,356.2068965517241,,,pubmed,Springer,156,7.081
European Journal of Ageing,1613-9372,Geriatrics,35,35,207.0,166.5,298.0,246.4,12.0,287.0,"crossref_assertion, pubmed",Springer Science and Business Media B.V.,2483,1.47
Gerontologist,1758-5341,Geriatrics,49,49,187.0,150.0,252.0,189.24489795918367,,,pubmed,Gerontological Society of America,1708,1.822
Aging Cell,1474-9726,Geriatrics,47,47,172.0,118.0,217.0,171.27659574468086,,,pubmed,Wiley-Blackwell Publishing Ltd,762,2.905
npj Aging,2731-6068,Geriatrics,51,51,132.0,110.0,156.5,128.7058823529412,13.0,150.0,"crossref_assertion, pubmed",Nature Research,1380,2.043
Journal of the American Geriatrics Society,0002-8614,Geriatrics,81,81,114.0,64.0,169.0,121.25925925925925,25.0,168.0,"crossref_assertion, pubmed",Wiley-Blackwell Publishing Ltd,1595,1.889
The Lancet Regional Health - Western Pacific,2666-6065,Geriatrics,47,47,110.0,72.5,154.5,124.23404255319149,,,pubmed,Elsevier Ltd,930,2.534
Age and Ageing,0002-0729,Geriatrics,46,45,108.0,79.0,151.0,108.17777777777778,,,pubmed,Oxford University Press,1445,1.993
Ageing Research Reviews,1568-1637,Geriatrics,49,49,97.0,63.0,166.0,125.79591836734694,,,pubmed,Elsevier Ireland Ltd,378,4.216
GeroScience,2509-2715,Geriatrics,100,100,80.0,45.75,124.5,86.95,16.0,99.5,"crossref_assertion, pubmed",Springer Science and Business Media Deutschland GmbH,2219,1.564
Immunity and Ageing,1742-4933,Geriatrics,50,50,79.5,43.0,100.0,98.32,,,pubmed,BioMed Central Ltd,1798,1.76
Mechanisms of Ageing and Development,1872-6216,Geriatrics,49,49,78.0,62.0,107.0,91.0,,,pubmed,Elsevier Ireland Ltd,1697,1.83
Critical Reviews in Oncology/Hematology,1040-8428,Geriatrics,49,49,69.0,52.0,146.0,108.26530612244898,,,pubmed,Elsevier Ireland Ltd,1712,1.82
Oxidative Medicine and Cellular Longevity,1942-0994,Geriatrics,67,67,0.0,0.0,171.0,89.1044776119403,25.0,171.0,"crossref_assertion, pubmed",John Wiley and Sons Ltd,1980,1.673
BMJ Global Health,2059-7908,Health Policy & Services,50,50,275.5,153.75,332.25,253.98,,,pubmed,BMJ Publishing Group,993,2.451
Journal of Health Economics,1879-1646,Health Policy & Services,49,48,255.0,185.0,323.25,268.5208333333333,,,pubmed,Elsevier B.V.,1003,2.43
The Lancet Planetary Health,2542-5196,Health Policy & Services,40,40,186.5,123.75,261.5,204.95,,,pubmed,Elsevier B.V.,191,6.386
Journal of Medical Internet Research,1439-4456,Health Policy & Services,48,48,175.5,120.75,220.5,167.22916666666666,,,pubmed,JMIR Publications Inc.,1448,1.992
Value in Health,1098-3015,Health Policy & Services,50,50,156.5,119.25,196.25,165.78,,,pubmed,Elsevier Ltd,1657,1.856
BMJ Quality and Safety,2044-5423,Health Policy & Services,42,42,142.0,103.0,185.75,158.54761904761904,,,pubmed,BMJ Publishing Group,1437,1.997
Milbank Quarterly,0887-378X,Health Policy & Services,39,39,135.0,99.0,167.5,135.43589743589743,72.5,223.5,"crossref_assertion, pubmed",Wiley-Blackwell Publishing Ltd,834,2.745
Implementation Science,1748-5908,Health Policy & Services,50,50,134.5,83.0,190.5,152.42,,,pubmed,BioMed Central Ltd,345,4.491
PharmacoEconomics,1170-7690,Health Policy & Services,48,48,123.0,81.25,180.0,124.375,28.5,197.0,"crossref_assertion, pubmed",Adis International Ltd,1616,1.88
Journal of the American Medical Informatics Association,1527-974X,Health Policy & Services,50,50,121.5,91.5,153.75,118.9,,,pubmed,Oxford University Press,1383,2.039
JCO Oncology Practice,2688-1527,Health Policy & Services,49,49,112.0,57.0,154.0,111.6938775510204,44.0,226.0,crossref_assertion,Lippincott Williams and Wilkins Ltd.,1067,2.346
The Lancet Regional Health - Americas,2667-193X,Health Policy & Services,50,50,106.0,32.5,171.75,118.28,,,pubmed,Elsevier Ltd,856,2.698
The Lancet Regional Health - Europe,2666-7762,Health Policy & Services,49,49,102.0,69.0,140.0,107.79591836734694,,,pubmed,Elsevier Ltd,403,4.088
Communications Medicine,2730-664X,Health Professions,52,52,289.0,208.0,397.75,311.40384615384613,19.0,368.0,"crossref_assertion, pubmed",Springer Nature,1313,2.098
Research and Practice for Persons with Severe Disabilities,1540-7969,Health Professions,1,1,240.0,240.0,240.0,240.0,,,pubmed,SAGE Publications Inc.,3139,1.288
Physical Therapy,0031-9023,Health Professions,49,40,197.5,76.5,239.5,169.075,,,pubmed,Oxford University Press,3401,1.233
Eye and Vision,2326-0254,Health Professions,49,49,147.0,123.0,180.0,155.75510204081633,,,pubmed,Springer Nature,1971,1.676
Innovation in Aging,2399-5300,Health Professions,45,45,142.0,112.0,173.0,154.46666666666667,41.0,181.0,pubmed,Oxford University Press,4572,1.033
Archives of Physical Medicine and Rehabilitation,1532-821X,Health Professions,50,50,135.0,85.25,170.0,139.66,,,pubmed,W.B. Saunders,3914,1.136
Journal of Hospital Medicine,1553-5606,Health Professions,70,70,131.5,71.25,154.0,118.45714285714286,34.5,186.0,"crossref_assertion, pubmed",John Wiley and Sons Inc,4219,1.085
Journal of Occupational Rehabilitation,1573-3688,Health Professions,46,46,123.5,94.5,147.75,130.02173913043478,24.0,139.5,"crossref_assertion, pubmed",Springer New York,4846,0.998
Research Involvement and Engagement,2056-7529,Health Professions,51,51,121.0,92.0,174.5,134.88235294117646,20.0,140.0,"crossref_assertion, pubmed",BioMed Central Ltd,4196,1.09
Neurophotonics,2329-423X,Health Professions,46,46,117.5,90.5,155.0,130.30434782608697,,,pubmed,SPIE,3873,1.143
"Sport, Exercise, and Performance Psychology",2157-3913,Health Professions,1,1,97.0,97.0,97.0,97.0,,,pubmed,American Psychological Association,4411,1.059
Clinical Hematology International,2590-0048,Health Professions,50,50,39.5,28.0,58.5,42.98,58.0,70.0,pubmed,Saabron Press,3341,1.244
Journal of Physiotherapy,1836-9553,Health Professions,50,50,12.0,7.0,28.25,43.9,,,pubmed,Australian Physiotherapy Association,1992,1.668
Bone Marrow Transplantation,0268-3369,Hematology,59,59,130.0,94.0,164.5,131.72881355932202,27.5,148.5,"crossref_assertion, pubmed",Springer Nature,1889,1.709
Journal of Thrombosis and Haemostasis,1538-7836,Hematology,49,49,118.0,77.0,182.0,135.40816326530611,,,pubmed,Elsevier B.V.,1629,1.872
Blood Cancer Journal,2044-5385,Hematology,47,47,117.0,88.5,162.0,129.2127659574468,,,pubmed,Springer Nature,284,5.139
HemaSphere,2572-9241,Hematology,50,50,115.5,90.75,165.5,119.82,36.0,162.0,"crossref_assertion, pubmed",John Wiley and Sons Inc,1682,1.835
Blood Advances,2473-9529,Hematology,38,38,108.5,62.25,154.0,115.28947368421052,,,pubmed,American Society of Hematology,767,2.901
Radiotherapy and Oncology,1879-0887,Hematology,47,47,107.0,62.5,145.0,123.72340425531915,,,pubmed,Elsevier Ireland Ltd,1835,1.738
British Journal of Haematology,1365-2141,Hematology,46,46,90.0,71.75,120.75,97.65217391304348,19.0,135.0,"crossref_assertion, pubmed",John Wiley and Sons Inc,2042,1.647
American Journal of Hematology,0361-8609,Hematology,74,74,77.5,44.0,118.25,85.01351351351352,19.0,102.5,"crossref_assertion, pubmed",John Wiley and Sons Inc,680,3.076
Blood Reviews,1532-1681,Hematology,50,50,72.0,61.25,93.25,81.7,,,pubmed,Churchill Livingstone,1124,2.283
Ca-A Cancer Journal for Clinicians,1542-4863,Hematology,28,28,64.5,32.25,96.75,61.392857142857146,67.0,84.0,pubmed,John Wiley and Sons Inc,1,145.004
The Lancet Haematology,2352-3026,Hematology,41,41,61.0,26.0,128.0,89.26829268292683,,,pubmed,Elsevier Ltd,298,4.936
Annals of Oncology,1569-8041,Hematology,50,50,55.5,10.5,135.75,84.22,,,pubmed,Elsevier Ltd,16,19.072
Seminars in Hematology,0037-1963,Hematology,46,46,18.5,7.25,61.75,38.369565217391305,,,pubmed,W.B. Saunders,2542,1.449
Philosophy and Phenomenological Research,0031-8205,History,36,35,271.0,198.0,331.5,264.45714285714286,31.5,306.5,crossref_assertion,Wiley-Blackwell,2197,1.573
Science,1095-9203,History,22,22,201.5,146.0,314.0,239.86363636363637,64.5,279.0,crossref_assertion,American Association for the Advancement of Science,79,10.416
Cliometrica,1863-2513,History,45,45,186.0,85.0,270.0,200.4,37.0,223.0,crossref_assertion,Springer Verlag,4621,1.026
Philosophy and Public Affairs,1088-4963,History,43,43,156.0,89.0,305.0,231.2325581395349,29.0,192.0,crossref_assertion,Wiley-Blackwell Publishing Ltd,2364,1.508
Theory and Society,1573-7853,History,40,40,78.5,56.0,97.5,83.075,62.0,149.5,crossref_assertion,Springer Netherlands,4479,1.047
Journal of Sociolinguistics,1360-6441,History,45,45,77.0,18.0,284.0,154.95555555555555,25.0,108.0,crossref_assertion,Wiley-Blackwell Publishing Ltd,4415,1.057
Philosophy and Technology,2210-5433,History,47,47,20.0,2.0,153.0,77.1063829787234,30.0,69.0,crossref_assertion,Springer Netherlands,1644,1.862
Nature Immunology,1529-2908,Immunology,34,34,293.5,229.5,352.75,302.88235294117646,33.0,353.0,"crossref_assertion, pubmed",Nature Research,81,10.39
Immunity,1097-4180,Immunology,48,48,260.0,160.5,331.75,241.04166666666666,,,pubmed,Cell Press,57,12.163
Science Immunology,2470-9468,Immunology,47,47,250.0,131.5,371.0,262.72340425531917,24.0,272.0,crossref_assertion,American Association for the Advancement of Science,123,8.22
Cellular and Molecular Immunology,2042-0226,Immunology,47,47,189.0,81.5,228.5,166.6595744680851,,,pubmed,Springer Nature,213,5.916
Journal of Experimental Medicine,0022-1007,Immunology,38,38,182.0,112.25,261.0,207.89473684210526,,,pubmed,Rockefeller University Press,220,5.834
Arthritis and Rheumatology,2326-5191,Immunology,81,81,122.0,57.0,162.0,120.29629629629629,60.0,213.0,"crossref_assertion, pubmed",John Wiley and Sons Ltd,477,3.784
Journal of Allergy and Clinical Immunology,1097-6825,Immunology,48,48,107.0,58.75,176.5,133.0,,,pubmed,Elsevier Inc.,436,3.935
Allergy: European Journal of Allergy and Clinical Immunology,0105-4538,Immunology,72,72,102.5,64.25,157.5,116.54166666666667,24.5,140.0,"crossref_assertion, pubmed",Wiley-Blackwell Publishing Ltd,507,3.622
Seminars in Immunology,1044-5323,Immunology,48,48,80.5,52.75,156.0,115.25,,,pubmed,Academic Press,562,3.417
Trends in Immunology,1471-4906,Immunology,50,50,49.5,42.25,65.75,52.5,,,pubmed,Elsevier Ltd,450,3.895
The Lancet Rheumatology,2665-9913,Immunology,40,40,46.5,15.75,70.0,53.15,,,pubmed,Elsevier Ltd,467,3.837
Immunological Reviews,0105-2896,Immunology,50,50,27.5,7.0,63.0,42.86,,,pubmed,Wiley-Blackwell Publishing Ltd,609,3.298
Operations Management Research,1936-9743,Industrial Engineering,49,49,371.0,229.0,580.0,404.6326530612245,22.0,392.0,crossref_assertion,Springer New York,2616,1.424
International Journal of Production Research,0020-7543,Industrial Engineering,48,48,228.5,159.5,329.5,260.8958333333333,15.0,239.5,crossref_assertion,Taylor and Francis Ltd.,1161,2.242
Food Engineering Reviews,1866-7910,Industrial Engineering,50,50,127.0,81.0,177.75,127.68,26.0,152.5,crossref_assertion,Springer New York,3182,1.278
Advanced Materials Technologies,2365-709X,Industrial Engineering,42,42,115.5,87.5,144.5,123.64285714285714,12.0,124.5,crossref_assertion,Wiley-Blackwell,2248,1.549
Journal of the International AIDS Society,1758-2652,Infectious Disease,46,46,203.5,163.5,243.5,191.15217391304347,,,pubmed,John Wiley &amp; Sons Inc.,1782,1.769
Reviews in Medical Virology,1052-9276,Infectious Disease,50,50,137.5,63.25,288.75,196.36,,,pubmed,John Wiley and Sons Ltd,1320,2.091
FEMS Microbiology Reviews,0168-6445,Infectious Disease,45,45,133.0,78.0,201.0,159.9777777777778,,,pubmed,Oxford University Press,570,3.408
Current HIV/AIDS Reports,1548-3568,Infectious Disease,20,20,130.0,73.25,227.75,147.35,,,pubmed,"Current Science, Inc.",2004,1.663
Infectious Diseases of Poverty,2049-9957,Infectious Disease,50,50,119.0,99.25,173.5,134.96,17.0,220.0,"crossref_assertion, pubmed",BioMed Central Ltd,2154,1.592
Journal of Clinical Microbiology,1098-660X,Infectious Disease,32,32,102.5,79.0,153.0,106.90625,61.5,175.0,crossref_assertion,American Society for Microbiology,1620,1.878
The Lancet Microbe,2666-5247,Infectious Disease,45,45,98.0,12.0,199.0,120.0,,,pubmed,Elsevier Ltd,273,5.262
Clinical Microbiology and Infection,1198-743X,Infectious Disease,50,50,90.5,57.0,122.5,98.5,,,pubmed,Elsevier B.V.,835,2.742
The Lancet Regional Health - Southeast Asia,2772-3682,Infectious Disease,45,45,85.0,49.0,134.0,96.02222222222223,,,pubmed,Elsevier Ltd,1932,1.691
Current Opinion in Microbiology,1879-0364,Infectious Disease,48,48,84.0,59.5,99.25,86.375,,,pubmed,Elsevier Ltd,959,2.495
Journal of Infection,0163-4453,Infectious Disease,50,50,80.0,47.0,114.25,88.08,,,pubmed,W.B. Saunders Ltd,1375,2.046
Trends in Microbiology,1878-4380,Infectious Disease,50,50,64.0,26.25,103.0,79.68,,,pubmed,Elsevier Ltd,654,3.152
The Lancet Infectious Diseases,1474-4457,Infectious Disease,38,38,63.0,6.75,89.25,55.26315789473684,,,pubmed,Elsevier Ltd,256,5.446
Clinical Infectious Diseases,1537-6591,Infectious Disease,29,29,59.0,10.0,99.0,63.13793103448276,,,pubmed,Oxford University Press,719,2.992
European Journal of Information Systems,0960-085X,Information Systems,46,45,581.0,422.0,722.0,586.0222222222222,18.5,605.0,crossref_assertion,Taylor and Francis Ltd.,551,3.459
Business and Information Systems Engineering,1867-0202,Information Systems,37,37,269.0,245.0,344.0,335.4594594594595,56.0,333.0,crossref_assertion,Springer Gabler,1198,2.201
Journal of Medical Systems,0148-5598,Information Systems,50,50,148.5,96.25,210.5,180.66,,,pubmed,Springer New York,5157,0.962
Briefings in Bioinformatics,1477-4054,Information Systems,48,45,128.0,94.0,174.0,139.0888888888889,,,pubmed,Oxford University Press,1035,2.39
Neuroinformatics,1539-2791,Information Systems,25,25,77.0,49.0,101.0,93.88,,,pubmed,Humana Press,5467,0.927
Criminology,1745-9125,Law,2,2,207.0,177.0,237.0,207.0,,,pubmed,Wiley-Blackwell,1122,2.287
Health Information and Libraries Journal,1471-1842,Library & Information Science,49,47,371.0,61.0,542.5,373.2340425531915,,,pubmed,Wiley-Blackwell Publishing Ltd,6891,0.79
Neurobiology of Language,2641-4368,Linguistics,50,50,206.5,181.0,274.0,257.38,88.0,157.5,pubmed,,3663,1.179
Progress in Oceanography,0079-6611,Marine & Aquatic Science,1,1,345.0,345.0,345.0,345.0,,,pubmed,Elsevier Ltd,2856,1.357
Reviews in Fish Biology and Fisheries,0960-3166,Marine & Aquatic Science,36,36,248.0,181.0,323.75,262.30555555555554,159.0,355.0,pubmed,Springer Science and Business Media Deutschland GmbH,1813,1.753
Limnology and Oceanography,0024-3590,Marine & Aquatic Science,33,33,237.0,176.0,297.0,245.03030303030303,,,pubmed,Wiley-Blackwell,2214,1.566
NPJ Ocean Sustainability,2731-426X,Marine & Aquatic Science,14,14,188.5,159.0,245.75,195.21428571428572,,136.0,pubmed,Springer Nature,2353,1.513
Wiley Interdisciplinary Reviews: Water,2049-1948,Marine & Aquatic Science,11,11,150.0,89.5,185.0,152.36363636363637,50.0,171.0,pubmed,John Wiley &amp; Sons Inc.,938,2.524
Fish and Fisheries,1467-2960,Marine & Aquatic Science,10,10,136.5,54.5,164.75,133.4,,,pubmed,Wiley-Blackwell Publishing Ltd,1252,2.153
Journal of Geophysical Research: Biogeosciences,2169-8953,Marine & Aquatic Science,32,32,132.5,102.25,194.25,160.5,,,pubmed,John Wiley and Sons Inc,2591,1.432
Harmful Algae,1878-1470,Marine & Aquatic Science,49,49,123.0,94.0,163.0,131.46938775510205,,,pubmed,Elsevier B.V.,2095,1.618
Reviews in Aquaculture,1753-5131,Marine & Aquatic Science,7,7,118.0,113.0,138.0,121.42857142857143,,,pubmed,Blackwell Publishing Asia,842,2.729
Ocean and Coastal Management,0964-5691,Marine & Aquatic Science,46,46,113.5,85.25,182.75,139.8913043478261,,,pubmed,Elsevier B.V.,3339,1.245
Marine Pollution Bulletin,0025-326X,Marine & Aquatic Science,50,50,101.0,65.75,138.5,108.06,,,pubmed,Elsevier Ltd,2691,1.402
Aquatic Toxicology,0166-445X,Marine & Aquatic Science,49,49,79.0,60.0,112.0,91.91836734693878,,,pubmed,Elsevier B.V.,3265,1.256
Bioactive Materials,2452-199X,Materials Science,49,49,83.0,70.0,112.0,99.34693877551021,,,pubmed,KeAi Communications Co.,405,4.075
Nature Microbiology,2058-5276,Microbiology,37,37,272.0,186.0,430.0,340.02702702702703,,,pubmed,Nature Research,167,6.893
Nature Biotechnology,1546-1696,Microbiology,19,19,214.0,164.0,262.0,223.78947368421052,,,pubmed,Nature Research,18,19.006
Microbiome,2049-2618,Microbiology,50,50,174.0,136.25,227.0,194.0,,,pubmed,BioMed Central Ltd,397,4.117
npj Biofilms and Microbiomes,2055-5008,Microbiology,49,49,157.0,132.0,220.0,191.0408163265306,,,pubmed,Nature Publishing Group,1049,2.37
Virus Evolution,2057-1577,Microbiology,47,46,137.5,108.75,216.0,157.5,25.5,133.0,pubmed,Oxford University Press,1583,1.9
Soil Biology and Biochemistry,0038-0717,Microbiology,22,22,129.5,99.75,168.25,141.9090909090909,,,pubmed,Elsevier Ltd,426,3.982
Biotechnology Advances,1873-1899,Microbiology,50,50,122.0,88.5,158.5,132.16,0.0,105.0,pubmed,Elsevier Inc.,877,2.662
International Journal of Biological Sciences,1449-2288,Microbiology,50,50,114.5,75.25,157.75,119.1,8.5,107.0,pubmed,Ivyspring International Publisher,848,2.715
Journal of Nanobiotechnology,1477-3155,Microbiology,50,50,107.0,78.5,132.75,111.1,,,pubmed,BioMed Central Ltd,1125,2.282
Reviews in Environmental Science and Biotechnology,1569-1705,Microbiology,8,8,82.0,75.5,99.25,91.75,14.5,52.5,pubmed,Springer Science and Business Media B.V.,1071,2.338
Current Opinion in Virology,1879-6265,Microbiology,48,48,74.0,43.0,155.0,117.29166666666667,,148.0,pubmed,Elsevier B.V.,1391,2.034
Nature Metabolism,2522-5812,Molecular & Cell Biology,28,27,358.0,267.5,437.0,362.962962962963,,,pubmed,Springer Berlin,142,7.529
Nature Cell Biology,1476-4679,Molecular & Cell Biology,28,28,325.0,273.0,410.25,355.85714285714283,,,pubmed,Nature Research,140,7.711
Nature Chemical Biology,1552-4469,Molecular & Cell Biology,32,31,318.0,227.0,395.0,325.1290322580645,,,pubmed,Nature Research,248,5.521
Genome Biology,1474-760X,Molecular & Cell Biology,50,49,260.0,188.0,360.0,296.57142857142856,,,pubmed,BioMed Central Ltd,233,5.71
Cell Systems,2405-4720,Molecular & Cell Biology,49,49,245.0,181.0,368.0,262.6326530612245,,,pubmed,Cell Press,297,4.943
Cell Metabolism,1550-4131,Molecular & Cell Biology,47,47,211.0,42.5,273.5,204.5744680851064,,,pubmed,Cell Press,60,11.989
Nature Structural and Molecular Biology,1545-9993,Molecular & Cell Biology,30,30,210.0,163.25,302.25,237.06666666666666,,,pubmed,Nature Research,201,6.187
Molecular Cell,1097-4164,Molecular & Cell Biology,50,50,202.0,107.75,307.75,226.88,,,pubmed,Cell Press,101,9.051
Cell Stem Cell,1934-5909,Molecular & Cell Biology,48,48,179.0,27.25,297.25,176.97916666666666,,,pubmed,Cell Press,96,9.313
Pharmacological Reviews,1521-0081,Molecular & Cell Biology,46,46,171.0,130.75,252.25,186.54347826086956,,,pubmed,Elsevier Inc.,182,6.603
Cell Research,1748-7838,Molecular & Cell Biology,27,27,170.0,139.0,211.0,180.5185185185185,,,pubmed,Springer Nature,105,8.74
Molecular Plant,1674-2052,Molecular & Cell Biology,50,50,101.5,29.0,161.25,108.0,,,pubmed,Cell Press,249,5.519
Trends in Cell Biology,0962-8924,Molecular & Cell Biology,49,49,97.0,74.0,115.0,98.81632653061224,,,pubmed,Elsevier Ltd,255,5.455
American Journal of Kidney Diseases,1523-6838,Nephrology & Urology,50,50,148.5,40.5,211.0,131.66,,,pubmed,W.B. Saunders,705,3.024
"Brain, Behavior, and Immunity - Health",2666-3546,Nephrology & Urology,48,48,120.0,73.0,181.25,129.4375,,,pubmed,Elsevier Inc.,3307,1.249
American Journal of Nephrology,1421-9670,Nephrology & Urology,50,50,104.5,66.0,145.5,108.74,247.5,406.0,pubmed,S. Karger AG,2697,1.4
Kidney International Supplements,2157-1716,Nephrology & Urology,42,42,96.0,73.75,109.0,91.73809523809524,,,pubmed,Elsevier B.V.,73,10.788
Kidney Research and Clinical Practice,2211-9132,Nephrology & Urology,50,50,92.0,46.75,140.0,103.64,,,pubmed,The Korean Society of Nephrology,3774,1.16
Kidney International Reports,2468-0249,Nephrology & Urology,42,42,88.5,22.25,141.5,90.80952380952381,,,pubmed,Elsevier Inc.,2386,1.5
Clinical Kidney Journal,2048-8505,Nephrology & Urology,49,49,88.0,52.0,131.0,104.59183673469387,,,pubmed,Oxford University Press,2724,1.393
European Urology Focus,2405-4569,Nephrology & Urology,49,49,63.0,16.0,112.0,75.59183673469387,,,pubmed,Elsevier B.V.,1648,1.86
Kidney International,0085-2538,Nephrology & Urology,50,50,51.5,14.0,109.25,83.0,,,pubmed,Elsevier B.V.,392,4.13
European Urology,1873-7560,Nephrology & Urology,49,49,16.0,8.0,94.0,51.55102040816327,,,pubmed,Elsevier B.V.,113,8.529
Annals of Neurology,1531-8249,Neurology,50,50,127.5,76.75,199.75,138.44,,,pubmed,John Wiley &amp; Sons Inc.,487,3.736
Sleep Medicine Reviews,1532-2955,Neurology,47,47,127.0,58.0,176.0,130.4255319148936,,,pubmed,W.B. Saunders Ltd,379,4.209
"Journal of Neurology, Neurosurgery and Psychiatry",1468-330X,Neurology,50,49,124.0,92.0,149.0,129.12244897959184,,,pubmed,BMJ Publishing Group,576,3.379
Spine Journal,1529-9430,Neurology,47,47,124.0,93.0,155.0,130.51063829787233,,,pubmed,Elsevier Inc.,1508,1.954
Brain Pathology,1015-6305,Neurology,49,49,121.0,74.0,153.0,122.9795918367347,,,pubmed,Wiley-Blackwell,1498,1.958
Movement Disorders,0885-3185,Neurology,41,41,111.0,77.0,146.0,117.73170731707317,,,pubmed,John Wiley &amp; Sons Inc.,723,2.988
Neurotherapeutics,1933-7213,Neurology,49,49,103.0,79.0,135.0,110.75510204081633,,,pubmed,Elsevier B.V.,1355,2.063
Epilepsia,1528-1167,Neurology,49,49,98.0,45.0,114.0,97.34693877551021,,,pubmed,Wiley-Blackwell Publishing Ltd,1046,2.371
Alzheimer's and Dementia: Translational Research and Clinical Interventions,2352-8737,Neurology,48,48,91.5,76.75,121.25,97.14583333333333,27.0,91.5,pubmed,John Wiley and Sons Inc,1261,2.146
Neurobiology of Disease,1095-953X,Neurology,43,43,78.0,49.0,140.0,93.93023255813954,,,pubmed,Academic Press Inc.,1417,2.009
Journal of Prevention of Alzheimer's Disease,2274-5807,Neurology,49,49,69.0,42.0,97.0,74.40816326530613,,,pubmed,Elsevier Masson s.r.l.,691,3.04
The Lancet Neurology,1474-4465,Neurology,32,32,53.5,6.0,189.75,106.625,,,pubmed,Elsevier Ltd,62,11.729
Nature Neuroscience,1097-6256,Neuroscience,34,34,408.5,285.25,499.5,434.2352941176471,,,pubmed,Nature Research,70,11.197
Nature Human Behaviour,2397-3374,Neuroscience,24,24,369.0,289.75,544.5,435.7916666666667,,,pubmed,Nature Publishing Group,246,5.537
Molecular Psychiatry,1476-5578,Neuroscience,50,49,315.0,239.0,415.0,336.81632653061223,,,pubmed,Springer Nature,416,4.022
Neuron,1097-4199,Neuroscience,49,49,218.0,123.0,298.0,226.30612244897958,,,pubmed,Cell Press,177,6.755
Biological Psychiatry,0006-3223,Neuroscience,50,50,176.5,117.0,241.0,169.7,,,pubmed,Elsevier Inc.,322,4.684
Molecular Neurodegeneration,1750-1326,Neuroscience,49,49,160.0,121.0,203.0,166.9795918367347,,,pubmed,BioMed Central Ltd,253,5.488
Translational Neurodegeneration,2047-9158,Neuroscience,49,49,148.0,115.0,211.0,165.42857142857142,,,pubmed,BioMed Central Ltd,462,3.85
Alzheimer's and Dementia,1552-5279,Neuroscience,50,50,112.5,89.25,144.75,117.62,,,pubmed,John Wiley and Sons Inc,515,3.6
Trends in Cognitive Sciences,1879-307X,Neuroscience,50,50,111.5,53.25,169.25,116.16,,,pubmed,Elsevier Ltd,340,4.506
Acta Neuropathologica,0001-6322,Neuroscience,48,48,109.5,84.25,129.75,111.14583333333333,,,pubmed,Springer Science and Business Media Deutschland GmbH,348,4.483
Trends in Neurosciences,0166-2236,Neuroscience,50,50,100.0,65.75,138.75,99.32,,,pubmed,Elsevier Ltd,316,4.726
The Lancet Psychiatry,2215-0374,Neuroscience,41,41,39.0,12.0,70.0,49.31707317073171,,,pubmed,Elsevier Ltd,145,7.458
Journal of Nursing Management,0966-0429,Nursing,50,50,258.5,160.5,382.5,273.34,22.0,260.0,pubmed,John Wiley and Sons Ltd,1901,1.706
Public Health Reviews,2107-6952,Nursing,50,50,230.5,143.5,364.75,260.34,,189.0,pubmed,Frontiers Media SA,2414,1.491
Journal of Nursing Regulation,2155-8264,Nursing,1,1,191.0,191.0,191.0,191.0,,,pubmed,Elsevier Inc.,1828,1.743
International Journal of Nursing Studies,1873-491X,Nursing,47,47,161.0,122.5,205.5,176.5744680851064,,,pubmed,Elsevier Ltd,805,2.819
International Nursing Review,1466-7657,Nursing,50,50,153.0,106.0,204.75,167.92,,,pubmed,Wiley-Blackwell Publishing Ltd,2830,1.364
BMC Nursing,1472-6955,Nursing,50,50,138.0,95.0,191.0,185.64,,,pubmed,BioMed Central Ltd,3201,1.272
Journal of Advanced Nursing,0309-2402,Nursing,50,50,128.0,97.75,166.25,140.3,,,pubmed,Wiley-Blackwell Publishing Ltd,2705,1.398
Nursing Outlook,1528-3968,Nursing,48,48,119.0,87.0,173.25,127.85416666666667,,,pubmed,Elsevier Inc.,3576,1.195
Journal of Healthcare Leadership,1179-3201,Nursing,50,50,117.5,94.25,138.25,119.58,8.0,112.0,pubmed,Dove Medical Press Limited,3238,1.264
Patient,1178-1653,Nursing,39,39,109.0,78.5,158.5,128.82051282051282,,,pubmed,Springer Science + Business Media,2946,1.336
Women and Birth,1871-5192,Nursing,50,50,107.0,74.75,144.25,124.96,,,pubmed,Elsevier B.V.,3018,1.318
Diabetes Care,1935-5548,Nursing,36,36,89.0,59.75,131.0,97.69444444444444,,,pubmed,American Diabetes Association Inc.,185,6.566
Intensive and Critical Care Nursing,0964-3397,Nursing,47,47,83.0,17.5,119.0,80.02127659574468,,,pubmed,Churchill Livingstone,3466,1.218
Current Nutrition Reports,2161-3311,Nutrition & Food Science,48,48,142.0,112.75,200.0,174.0,,,pubmed,Springer,2658,1.41
Comprehensive Reviews in Food Science and Food Safety,1541-4337,Nutrition & Food Science,49,49,136.0,96.0,187.0,142.81632653061226,,,pubmed,John Wiley and Sons Inc,745,2.935
Meat Science,0309-1740,Nutrition & Food Science,50,50,121.5,84.5,162.0,128.52,,,pubmed,Elsevier Ltd,2176,1.584
Advances in Nutrition,2156-5376,Nutrition & Food Science,47,47,106.0,63.0,163.0,120.08510638297872,,,pubmed,Elsevier B.V.,905,2.591
Food Science and Human Wellness,2213-4530,Nutrition & Food Science,2,2,105.5,54.25,156.75,105.5,,,pubmed,Tsinghua University Press,2715,1.396
LWT,1096-1127,Nutrition & Food Science,17,17,105.0,80.0,186.0,141.8235294117647,,,pubmed,Academic Press,2448,1.48
npj Science of Food,2396-8370,Nutrition & Food Science,48,48,104.5,66.0,210.0,133.52083333333334,,,pubmed,Nature Publishing Group,3220,1.268
Food Research International,0963-9969,Nutrition & Food Science,50,50,98.0,81.75,135.25,112.44,,,pubmed,Elsevier Ltd,1914,1.698
International Journal of Food Contamination,2196-2804,Nutrition & Food Science,3,3,53.0,51.0,97.5,81.33333333333333,,44.0,pubmed,BioMed Central Ltd,2780,1.377
Nutrients,2072-6643,Nutrition & Food Science,50,50,34.0,28.25,41.75,37.82,,,pubmed,Multidisciplinary Digital Publishing Institute (MDPI),2468,1.473
Food Frontiers,2643-8429,Nutrition & Food Science,3,3,27.0,13.5,109.5,73.0,,,pubmed,John Wiley and Sons Inc,3348,1.243
Perspectives on Sexual and Reproductive Health,1538-6341,Obstetrics & Gynecology,48,46,484.5,340.0,654.25,517.2608695652174,,,pubmed,Wiley-Blackwell,1905,1.704
Human Reproduction Update,1460-2369,Obstetrics & Gynecology,14,14,208.0,142.0,342.5,250.78571428571428,,,pubmed,Oxford University Press,266,5.357
Reproductive Health,1742-4755,Obstetrics & Gynecology,48,48,208.0,158.0,347.5,279.375,,,pubmed,BioMed Central Ltd,3194,1.275
Archives of Women's Mental Health,1434-1816,Obstetrics & Gynecology,49,49,155.0,110.0,210.0,167.12244897959184,,,pubmed,Springer-Verlag Wien,3404,1.232
BJOG: An International Journal of Obstetrics and Gynaecology,1470-0328,Obstetrics & Gynecology,49,49,148.0,65.0,240.0,159.3265306122449,,,pubmed,John Wiley and Sons Inc,1756,1.786
Human Reproduction,1460-2350,Obstetrics & Gynecology,47,47,142.0,82.0,191.5,157.14893617021278,,,pubmed,Oxford University Press,1260,2.147
Contraception,0010-7824,Obstetrics & Gynecology,49,49,114.0,92.0,159.0,136.9795918367347,,,pubmed,Elsevier Inc.,2952,1.334
Reproductive BioMedicine Online,1472-6483,Obstetrics & Gynecology,49,49,110.0,86.0,147.0,119.48979591836735,,,pubmed,Elsevier Ltd,3428,1.226
American Journal of Obstetrics and Gynecology,0002-9378,Obstetrics & Gynecology,49,49,80.0,59.0,125.0,116.77551020408163,,,pubmed,Elsevier Inc.,822,2.772
Obstetrics and Gynecology,0029-7844,Obstetrics & Gynecology,41,41,69.0,62.0,78.0,70.8780487804878,,,pubmed,Lippincott Williams and Wilkins,1487,1.967
Gynecologic Oncology,0090-8258,Obstetrics & Gynecology,46,46,65.0,51.0,92.25,70.91304347826087,,,pubmed,Academic Press Inc.,1614,1.881
Menopause,1072-3714,Obstetrics & Gynecology,50,48,60.5,32.0,83.0,66.125,,,pubmed,Wolters Kluwer Health,3900,1.139
International Journal of Gynecological Cancer,1525-1438,Obstetrics & Gynecology,48,48,55.0,5.75,73.0,46.875,,,pubmed,Elsevier Inc.,2432,1.485
Seminars in Perinatology,1558-075X,Obstetrics & Gynecology,39,39,46.0,29.5,85.0,63.35897435897436,,,pubmed,W.B. Saunders,3864,1.144
Fertility and Sterility,1556-5653,Obstetrics & Gynecology,48,48,39.0,1.0,135.75,87.08333333333333,,,pubmed,Elsevier Inc.,1399,2.028
Nature Cancer,2662-1347,Oncology,31,31,322.0,265.5,397.0,351.19354838709677,,,pubmed,Nature Research,61,11.941
Signal Transduction and Targeted Therapy,2059-3635,Oncology,50,50,215.5,153.25,270.5,215.9,,,pubmed,Springer Nature,58,12.135
Cancer Cell,1535-6108,Oncology,47,47,154.0,22.5,236.0,150.6595744680851,,,pubmed,Cell Press,17,19.027
Cell Host and Microbe,1934-6069,Oncology,50,50,152.0,4.25,227.25,139.6,,,pubmed,Cell Press,157,7.067
Cancer Discovery,2159-8274,Oncology,20,20,140.0,6.25,214.0,141.65,,,pubmed,American Association for Cancer Research Inc.,152,7.283
Cancer Communications,2523-3548,Oncology,47,47,119.0,64.0,198.5,137.59574468085106,10.0,53.0,pubmed,John Wiley &amp; Sons Inc.,190,6.403
Journal of the National Cancer Institute,1460-2105,Oncology,49,49,113.0,10.0,171.0,107.24489795918367,,,pubmed,Oxford University Press,234,5.703
Neuro-Oncology,1522-8517,Oncology,48,48,106.0,10.75,169.75,110.6875,,,pubmed,Oxford University Press,162,6.974
Molecular Cancer,1476-4598,Oncology,43,43,103.0,78.0,154.5,123.86046511627907,,,pubmed,BioMed Central Ltd,97,9.263
Journal of Hematology and Oncology,1756-8722,Oncology,49,49,81.0,62.0,113.0,89.12244897959184,,,pubmed,BioMed Central Ltd,83,10.192
The Lancet Oncology,1470-2045,Oncology,33,33,57.0,8.0,91.0,59.484848484848484,,,pubmed,Elsevier Ltd,68,11.319
The Lancet Digital Health,2589-7500,Operations Research & Decision Science,43,43,303.0,146.0,380.5,288.48837209302326,,,pubmed,Elsevier Ltd,170,6.838
Ecological Indicators,1470-160X,Operations Research & Decision Science,14,14,157.0,114.25,255.0,181.07142857142858,,,pubmed,Elsevier B.V.,1496,1.959
Therapeutic Advances in Ophthalmology,2515-8414,Ophthalmology,50,50,179.0,132.0,226.75,181.3,41.0,114.0,pubmed,SAGE Publications Ltd,4757,1.009
Ophthalmology Science,2666-9145,Ophthalmology,45,45,145.0,106.0,173.0,143.73333333333332,,,pubmed,Elsevier Inc.,1571,1.91
Survey of Ophthalmology,0039-6257,Ophthalmology,50,50,140.5,88.25,187.5,142.28,66.0,215.0,pubmed,Elsevier Inc.,1360,2.059
Graefe's Archive for Clinical and Experimental Ophthalmology,0721-832X,Ophthalmology,48,48,135.0,103.0,202.75,149.5,,,pubmed,Springer Science and Business Media Deutschland GmbH,4889,0.992
Progress in Retinal and Eye Research,1350-9462,Ophthalmology,49,49,130.0,90.0,163.0,137.69387755102042,,,pubmed,Elsevier Ltd,219,5.838
Journal of Cataract and Refractive Surgery,1873-4502,Ophthalmology,46,46,129.0,71.75,213.25,152.7608695652174,,,pubmed,Wolters Kluwer Health,2611,1.425
Ocular Surface,1937-5913,Ophthalmology,48,48,116.0,59.0,169.25,121.27083333333333,,,pubmed,Elsevier Inc.,1715,1.82
Ophthalmology Glaucoma,2589-4196,Ophthalmology,50,49,105.0,65.0,148.0,110.10204081632654,128.5,229.5,pubmed,American Academy of Ophthalmology,2802,1.372
American Journal of Ophthalmology,0002-9394,Ophthalmology,50,50,79.0,41.25,126.75,91.2,,,pubmed,Elsevier Inc.,1309,2.103
Ophthalmology and Therapy,2193-6528,Ophthalmology,49,49,55.0,41.0,72.0,60.57142857142857,,,pubmed,Springer London,3623,1.187
Ophthalmology,1549-4713,Ophthalmology,49,49,38.0,11.0,109.0,65.3265306122449,,,pubmed,Elsevier Inc.,332,4.552
Ophthalmology Retina,2468-6530,Ophthalmology,50,50,38.0,8.0,92.25,62.62,,,pubmed,Elsevier Inc.,1460,1.982
Sports Medicine - Open,2198-9761,Orthopedics & Sports Medicine,48,48,269.5,182.25,346.5,286.625,,,pubmed,SpringerOpen,1956,1.683
"Journal of Cachexia, Sarcopenia and Muscle",2190-5991,Orthopedics & Sports Medicine,49,49,204.0,131.0,294.0,216.44897959183675,,,pubmed,Wiley-Blackwell,565,3.416
Arthroscopy - Journal of Arthroscopic and Related Surgery,0749-8063,Orthopedics & Sports Medicine,34,34,177.5,147.75,213.75,182.64705882352942,,,pubmed,W.B. Saunders,1181,2.219
International Journal of Sports Physiology and Performance,1555-0265,Orthopedics & Sports Medicine,50,50,147.5,100.25,192.75,160.72,,,pubmed,Human Kinetics Publishers Inc.,2113,1.61
Journal of Orthopaedic Translation,2214-031X,Orthopedics & Sports Medicine,48,48,133.5,112.5,158.5,135.64583333333334,,,pubmed,Elsevier (Singapore) Pte Ltd,2057,1.641
Biology of Sport,0860-021X,Orthopedics & Sports Medicine,50,50,122.5,88.0,178.5,136.48,,,pubmed,Institute of Sport,2047,1.645
Journal of Arthroplasty,0883-5403,Orthopedics & Sports Medicine,48,48,122.0,91.25,149.75,119.77083333333333,,,pubmed,Elsevier B.V.,1513,1.951
Knee Surgery and Related Research,2234-0726,Orthopedics & Sports Medicine,49,49,119.0,96.0,135.0,125.71428571428571,,,pubmed,BioMed Central Ltd,1592,1.891
Journal of Sport and Health Science,2213-2961,Orthopedics & Sports Medicine,44,44,118.0,21.0,168.25,110.93181818181819,,,pubmed,Elsevier B.V.,638,3.197
"Knee Surgery, Sports Traumatology, Arthroscopy",0942-2056,Orthopedics & Sports Medicine,50,50,79.5,53.0,103.5,85.66,,,pubmed,John Wiley and Sons Inc,1514,1.95
Current Reviews in Musculoskeletal Medicine,1935-9748,Orthopedics & Sports Medicine,29,29,14.0,10.0,29.0,32.827586206896555,,,pubmed,Springer,1961,1.68
Dysphagia,0179-051X,Otolaryngology,45,45,197.0,108.0,257.0,186.64444444444445,,,pubmed,Springer New York,5187,0.958
JARO - Journal of the Association for Research in Otolaryngology,1438-7573,Otolaryngology,50,50,171.5,124.75,221.75,191.36,,,pubmed,Springer New York,5962,0.873
Otolaryngology - Head and Neck Surgery,1097-6817,Otolaryngology,50,50,160.0,124.75,179.25,167.44,,,pubmed,John Wiley and Sons Inc,4932,0.987
Sleep and Breathing,1522-1709,Otolaryngology,50,50,146.0,90.5,207.5,154.0,,,pubmed,Springer Verlag,7669,0.731
Otology and Neurotology,1537-4505,Otolaryngology,47,47,134.0,88.0,199.5,162.0212765957447,,,pubmed,Lippincott Williams and Wilkins,6046,0.866
Head and Neck,1097-0347,Otolaryngology,49,49,105.0,88.0,132.0,114.79591836734694,,,pubmed,John Wiley &amp; Sons Inc.,6407,0.832
Clinical and Experimental Otorhinolaryngology,1976-8710,Otolaryngology,50,50,101.0,74.0,130.75,107.66,,,pubmed,Korean Society of Otolaryngology,5600,0.91
European Archives of Oto-Rhino-Laryngology,0937-4477,Otolaryngology,49,49,101.0,60.0,126.0,92.6734693877551,,,pubmed,Springer Science and Business Media Deutschland GmbH,6929,0.787
Laryngoscope,1531-4995,Otolaryngology,50,50,97.5,32.5,137.25,98.58,,,pubmed,Wiley-Blackwell,4601,1.029
World Journal of Otorhinolaryngology - Head and Neck Surgery,2589-1081,Otolaryngology,46,46,90.0,37.25,162.25,112.82608695652173,,,pubmed,John Wiley and Sons Inc,7417,0.749
Head and Neck Pathology,1936-055X,Otolaryngology,50,50,36.0,24.25,47.5,38.98,,,pubmed,Humana Press,4928,0.987
Neuropathology and Applied Neurobiology,0305-1846,Pathology,48,48,159.5,116.0,217.75,175.0625,,105.0,pubmed,Wiley-Blackwell Publishing Ltd,2151,1.593
Laboratory Investigation,1530-0307,Pathology,47,47,156.0,117.0,225.0,169.63829787234042,,,pubmed,Elsevier B.V.,3285,1.254
Journal of Pathology,1096-9896,Pathology,49,49,152.0,114.0,204.0,165.30612244897958,,,pubmed,John Wiley and Sons Ltd,1246,2.16
European Journal of Cell Biology,1618-1298,Pathology,47,47,124.0,91.0,166.5,131.85106382978722,,,pubmed,Elsevier GmbH,2412,1.491
Modern Pathology,1530-0285,Pathology,48,48,121.0,89.0,168.0,128.6875,,,pubmed,Elsevier B.V.,1026,2.4
American Journal of Pathology,0002-9440,Pathology,50,50,120.0,85.0,164.0,128.06,,,pubmed,Elsevier Inc.,3032,1.313
Cell and Tissue Research,1432-0878,Pathology,48,48,96.5,72.5,131.0,108.3125,,,pubmed,Springer Science and Business Media Deutschland GmbH,3658,1.179
Journal of Pathology: Clinical Research,2056-4538,Pathology,50,50,95.5,58.5,129.0,94.24,,,pubmed,Wiley-Blackwell Publishing Ltd,2330,1.521
Pathology,1465-3931,Pathology,50,50,94.0,60.25,142.0,99.14,,,pubmed,Elsevier B.V.,4779,1.007
Histopathology,1365-2559,Pathology,41,41,93.0,66.0,125.0,107.5609756097561,,,pubmed,Wiley-Blackwell Publishing Ltd,2443,1.481
World Journal of Stem Cells,1948-0210,Pathology,50,50,92.5,73.0,116.5,97.32,,,pubmed,Baishideng Publishing Group,4858,0.996
Seminars in Diagnostic Pathology,1930-1111,Pathology,50,50,82.5,22.0,156.25,98.08,,,pubmed,W.B. Saunders,5215,0.956
Human Pathology,1532-8392,Pathology,50,50,52.5,24.5,81.0,59.54,,,pubmed,W.B. Saunders,4571,1.033
Pathologica,0031-2983,Pathology,50,49,37.0,3.0,98.0,59.42857142857143,,,pubmed,Pacini Editore Srl,2488,1.469
Journal of Adolescent Health,1054-139X,Pediatrics,50,50,164.5,74.0,195.75,140.62,,,pubmed,Elsevier Inc.,1655,1.857
Pediatrics,0031-4005,Pediatrics,41,41,148.0,111.0,235.0,154.58536585365854,,,pubmed,American Academy of Pediatrics,1022,2.406
Journal of Pediatric Psychology,0146-8693,Pediatrics,49,49,144.0,106.0,203.0,149.79591836734693,,,pubmed,Oxford University Press,4443,1.052
Academic Pediatrics,1876-2859,Pediatrics,50,50,141.0,90.0,201.0,152.98,,,pubmed,Elsevier Inc.,3021,1.316
Child and Adolescent Psychiatry and Mental Health,1753-2000,Pediatrics,49,49,124.0,103.0,156.0,135.53061224489795,,,pubmed,BioMed Central Ltd,2409,1.492
Pediatric Allergy and Immunology,1399-3038,Pediatrics,49,49,123.0,87.0,176.0,129.89795918367346,,,pubmed,Blackwell Munksgaard,3216,1.269
Journal of Cystic Fibrosis,1569-1993,Pediatrics,48,48,117.0,62.5,158.25,123.75,,,pubmed,Elsevier B.V.,1778,1.772
World Journal of Pediatrics,1708-8569,Pediatrics,44,44,112.0,66.75,146.0,112.52272727272727,,,pubmed,Zhejiang University School of Medicine Children's Hospital,4462,1.05
World Journal of Clinical Pediatrics,2219-2808,Pediatrics,50,50,102.5,82.0,113.75,97.72,,,pubmed,Baishideng Publishing Group,4699,1.017
Pediatric Research,0031-3998,Pediatrics,50,50,84.5,26.25,157.75,98.72,,,pubmed,Springer Nature,3708,1.171
Seminars in Fetal and Neonatal Medicine,1878-0946,Pediatrics,14,14,2.0,1.0,4.75,3.642857142857143,,,pubmed,W.B. Saunders Ltd,3777,1.16
Paediatric Respiratory Reviews,1526-0550,Pediatrics,50,50,0.0,0.0,22.75,23.14,,,pubmed,W.B. Saunders Ltd,4478,1.047
Medicinal Research Reviews,0198-6325,Pharmacology & Toxicology,50,48,192.0,67.5,274.75,217.14583333333334,,,pubmed,John Wiley &amp; Sons Inc.,647,3.169
Asian Journal of Pharmaceutical Sciences,1818-0876,Pharmacology & Toxicology,50,50,156.0,108.0,196.75,162.36,,,pubmed,Shenyang Pharmaceutical University,1152,2.251
British Journal of Pharmacology,1476-5381,Pharmacology & Toxicology,49,49,137.0,91.0,188.0,145.12244897959184,,,pubmed,John Wiley and Sons Inc,1069,2.344
Pharmacology and Therapeutics,1879-016X,Pharmacology & Toxicology,48,48,137.0,105.5,181.25,148.1875,,,pubmed,Elsevier Inc.,474,3.8
Acta Pharmaceutica Sinica B,2211-3843,Pharmacology & Toxicology,46,46,122.0,80.25,155.75,139.95652173913044,,,pubmed,Chinese Academy of Medical Sciences,543,3.489
Molecular Therapy,1525-0024,Pharmacology & Toxicology,49,49,118.0,8.0,194.0,116.38775510204081,,,pubmed,Cell Press,419,4.008
Neuropsychopharmacology,0893-133X,Pharmacology & Toxicology,49,49,112.0,86.0,142.0,116.38775510204081,,,pubmed,Springer Nature,744,2.944
Advanced Drug Delivery Reviews,0169-409X,Pharmacology & Toxicology,48,48,110.0,77.0,143.75,120.5,,,pubmed,Elsevier B.V.,489,3.721
Clinical Pharmacology and Therapeutics,1532-6535,Pharmacology & Toxicology,49,49,105.0,86.0,149.0,113.18367346938776,,,pubmed,Wiley-Blackwell,1283,2.127
Journal of Controlled Release,1873-4995,Pharmacology & Toxicology,49,49,100.0,69.0,133.0,107.65306122448979,,,pubmed,Elsevier B.V.,976,2.47
Trends in Pharmacological Sciences,1873-3735,Pharmacology & Toxicology,47,47,79.0,54.0,101.5,78.48936170212765,,,pubmed,Elsevier Ltd,481,3.771
Drugs,0012-6667,Pharmacology & Toxicology,48,48,78.0,30.5,121.75,77.35416666666667,,,pubmed,,588,3.362
Pharmacological Research,1043-6618,Pharmacology & Toxicology,49,49,75.0,55.0,89.0,75.14285714285714,,,pubmed,Academic Press,875,2.664
Nature Food,2662-1355,Plant & Agricultural Science,24,24,455.0,384.0,587.5,467.2083333333333,,,pubmed,Springer Nature,205,6.088
Biological Reviews,1469-185X,Plant & Agricultural Science,48,48,274.5,231.75,398.25,312.75,,,pubmed,Wiley-Blackwell,362,4.383
Nature Plants,2055-026X,Plant & Agricultural Science,31,31,233.0,196.0,272.0,245.70967741935485,,,pubmed,Nature Research,307,4.815
BioScience,1525-3244,Plant & Agricultural Science,48,48,186.5,123.0,225.0,184.20833333333334,,,pubmed,Oxford University Press,1053,2.365
American Journal of Agricultural Economics,1467-8276,Plant & Agricultural Science,2,2,182.0,167.5,196.5,182.0,,,pubmed,John Wiley &amp; Sons Inc.,1005,2.426
Molecular Systems Biology,1744-4292,Plant & Agricultural Science,49,49,174.0,111.0,241.0,179.71428571428572,,,pubmed,Springer Science and Business Media Deutschland GmbH,310,4.783
PLoS Biology,1544-9173,Plant & Agricultural Science,41,41,167.0,104.0,235.0,194.17073170731706,,,pubmed,Public Library of Science,862,2.691
Current Biology,1879-0445,Plant & Agricultural Science,36,36,164.5,112.75,242.0,184.5,,,pubmed,Cell Press,851,2.707
Plant Biotechnology Journal,1467-7644,Plant & Agricultural Science,50,50,119.0,96.5,167.75,141.02,,,pubmed,Wiley-Blackwell Publishing Ltd,761,2.907
Studies in Mycology,0166-0616,Plant & Agricultural Science,49,49,119.0,88.0,164.0,134.91836734693877,,,pubmed,Westerdijk Fungal Biodiversity Institute,455,3.867
Current Opinion in Plant Biology,1879-0356,Plant & Agricultural Science,49,49,107.0,77.0,155.0,122.63265306122449,,,pubmed,Elsevier Ltd,639,3.193
Trends in Plant Science,1360-1385,Plant & Agricultural Science,50,50,66.0,38.25,118.25,87.54,,,pubmed,Elsevier Ltd,610,3.297
Physics of Life Reviews,1873-1457,Plant & Agricultural Science,50,50,2.0,1.0,8.0,17.26,,,pubmed,Elsevier B.V.,1038,2.384
Schizophrenia Bulletin,0586-7614,Psychiatry,14,13,143.0,94.0,211.0,156.3846153846154,,,pubmed,Oxford University Press,1270,2.138
International Journal of Mental Health Nursing,1445-8330,Psychiatry,49,49,120.0,81.0,227.0,153.57142857142858,,,pubmed,Wiley-Blackwell Publishing Ltd,2169,1.586
JMIR Mental Health,2368-7959,Psychiatry,48,48,114.0,88.5,158.0,130.8125,,,pubmed,JMIR Publications Inc.,1610,1.882
International Journal of Eating Disorders,1098-108X,Psychiatry,50,50,113.5,90.5,144.75,116.96,,,pubmed,John Wiley and Sons Inc,1907,1.703
BMJ Mental Health,2755-9734,Psychiatry,50,50,103.0,86.25,146.0,115.96,,,pubmed,BMJ Publishing Group,713,3.005
Acta Psychiatrica Scandinavica,1600-0447,Psychiatry,44,44,96.5,54.5,156.5,104.8409090909091,,,pubmed,John Wiley and Sons Inc,953,2.506
Biological Psychiatry Global Open Science,2667-1743,Psychiatry,49,49,92.0,21.0,151.0,91.61224489795919,,,pubmed,Elsevier Inc.,2361,1.508
Current Psychiatry Reports,1535-1645,Psychiatry,34,34,64.5,31.0,149.5,99.70588235294117,,,pubmed,"Current Science, Inc.",1048,2.37
Clinical Psychology Review,1873-7811,Psychology,49,49,194.0,154.0,260.0,211.6122448979592,,,pubmed,Elsevier Inc.,180,6.617
Psychotherapy and Psychosomatics,0033-3190,Psychology,50,50,134.5,86.5,182.75,135.82,168.0,301.5,pubmed,S. Karger AG,300,4.904
International Journal of Epidemiology,1464-3685,Public Health & Epidemiology,48,48,204.5,162.75,306.5,223.27083333333334,,,pubmed,Oxford University Press,859,2.695
"Qualitative Research in Sport, Exercise and Health",2159-6778,Public Health & Epidemiology,1,1,160.0,160.0,160.0,160.0,99.0,259.0,pubmed,Taylor and Francis Ltd.,640,3.193
Journal of Clinical Epidemiology,0895-4356,Public Health & Epidemiology,48,48,152.0,93.75,236.5,163.08333333333334,,,pubmed,Elsevier Inc.,655,3.149
European Journal of Epidemiology,0393-2990,Public Health & Epidemiology,50,50,144.5,67.75,206.25,148.52,,,pubmed,Springer Netherlands,624,3.241
Tobacco Control,0964-4563,Public Health & Epidemiology,46,46,144.5,108.5,196.5,160.93478260869566,,,pubmed,BMJ Publishing Group,1104,2.305
The Lancet HIV,2352-3018,Public Health & Epidemiology,37,37,91.0,9.0,132.0,77.37837837837837,,,pubmed,Elsevier Ltd,339,4.506
The Lancet Public Health,2468-2667,Public Health & Epidemiology,40,40,61.5,8.75,135.25,81.8,,,pubmed,Elsevier Ltd,114,8.408
Cancer Medicine,2045-7634,Radiology & Imaging,49,49,207.0,164.0,295.0,232.3673469387755,,,pubmed,John Wiley and Sons Inc,3542,1.201
Insights into Imaging,1869-4101,Radiology & Imaging,49,49,164.0,118.0,205.0,165.16326530612244,,,pubmed,Springer Science and Business Media Deutschland GmbH,3271,1.256
NMR in Biomedicine,1099-1492,Radiology & Imaging,50,50,162.5,119.25,200.75,162.56,,,pubmed,John Wiley and Sons Ltd,5266,0.95
Radiation Oncology,1748-717X,Radiology & Imaging,48,48,158.0,104.75,224.75,178.375,,,pubmed,BioMed Central Ltd,4054,1.112
Magnetic Resonance in Medicine,0740-3194,Radiology & Imaging,50,50,125.0,104.25,151.75,134.68,,,pubmed,John Wiley and Sons Inc,3767,1.161
Practical Radiation Oncology,1879-8500,Radiology & Imaging,50,50,80.0,33.0,129.75,89.92,93.0,144.0,pubmed,Elsevier Inc.,4736,1.011
Academic Radiology,1076-6332,Radiology & Imaging,50,50,73.5,48.0,99.25,76.3,,,pubmed,Elsevier Inc.,4885,0.992
Clinical Oncology,1433-2981,Radiology & Imaging,49,49,64.0,10.0,173.0,107.10204081632654,,,pubmed,Elsevier Ltd,5129,0.965
Journal of Magnetic Resonance Imaging,1522-2586,Radiology & Imaging,50,50,61.0,3.0,91.25,64.6,,,pubmed,John Wiley and Sons Inc,3319,1.248
Seminars in Radiation Oncology,1053-4296,Radiology & Imaging,49,49,46.0,9.0,61.0,42.12244897959184,,,pubmed,W.B. Saunders,4781,1.007
Journal of the American College of Radiology,1558-349X,Radiology & Imaging,50,50,31.0,7.0,80.5,49.04,,,pubmed,Elsevier B.V.,4309,1.071
Korean Journal of Radiology,1229-6929,Radiology & Imaging,50,50,22.5,3.25,88.75,67.56,,,pubmed,Korean Radiological Society,3325,1.247
Seminars in Nuclear Medicine,1558-4623,Radiology & Imaging,44,44,5.0,4.0,6.0,6.295454545454546,,,pubmed,W.B. Saunders,2996,1.324
Journal of Geriatric Physical Therapy,1539-8412,Rehabilitation,5,5,210.0,194.0,213.0,172.8,,,pubmed,Lippincott Williams and Wilkins Ltd.,8686,0.66
Wearable Technologies,2631-7176,Rehabilitation,49,49,155.0,124.0,229.0,181.14285714285714,19.0,86.5,pubmed,Cambridge University Press,6543,0.821
Archives of Physiotherapy,2057-0082,Rehabilitation,50,48,153.0,104.75,211.75,160.22916666666666,12.0,97.0,pubmed,AboutScience Srl,7173,0.766
Annals of Rehabilitation Medicine,2234-0653,Rehabilitation,48,48,152.0,95.75,209.25,165.0625,,,pubmed,Korean Academy of Rehabilitation Medicine,7758,0.724
Gait and Posture,1879-2219,Rehabilitation,47,47,148.0,113.0,226.0,189.31914893617022,,,pubmed,Elsevier B.V.,7037,0.778
Journal of Biomechanics,1873-2380,Rehabilitation,48,48,147.5,119.75,185.5,155.8125,,,pubmed,Elsevier Ltd,6773,0.8
Osteoarthritis and Cartilage Open,2665-9131,Rehabilitation,49,49,139.0,63.0,186.0,129.55102040816325,,,pubmed,Elsevier Ltd,6920,0.788
Journal of Stroke and Cerebrovascular Diseases,1052-3057,Rehabilitation,49,49,99.0,61.0,140.0,123.3265306122449,,,pubmed,W.B. Saunders,8266,0.688
American Journal of Physical Medicine and Rehabilitation,1537-7385,Rehabilitation,50,50,83.0,23.5,130.5,90.92,,,pubmed,Lippincott Williams and Wilkins Ltd.,8290,0.686
Journal of Neurorestoratology,2324-2426,Rehabilitation,1,1,21.0,21.0,21.0,21.0,,,pubmed,Elsevier Ltd,7581,0.737
Thorax,1468-3296,Respiratory Medicine,31,31,186.0,126.5,263.5,196.38709677419354,,,pubmed,BMJ Publishing Group,996,2.448
BMJ Open Respiratory Research,2052-4439,Respiratory Medicine,50,50,170.5,118.25,249.5,211.08,,,pubmed,BMJ Publishing Group,4092,1.106
World Allergy Organization Journal,1939-4551,Respiratory Medicine,47,47,165.0,104.0,195.5,166.85106382978722,,,pubmed,Elsevier Inc.,3200,1.273
Respiratory Medicine,0954-6111,Respiratory Medicine,50,50,140.0,90.0,230.75,170.1,,,pubmed,W.B. Saunders Ltd,4380,1.063
Respiratory Research,1465-993X,Respiratory Medicine,48,48,126.0,82.25,181.75,135.02083333333334,,,pubmed,BioMed Central Ltd,2239,1.555
European Respiratory Review,1600-0617,Respiratory Medicine,49,49,125.0,102.0,180.0,144.91836734693877,,,pubmed,European Respiratory Society,714,3.005
Annals of the American Thoracic Society,2325-6621,Respiratory Medicine,50,50,110.5,23.5,160.0,100.34,,,pubmed,American Thoracic Society,2026,1.652
Journal of Asthma and Allergy,1178-6965,Respiratory Medicine,50,50,108.5,86.0,133.75,113.16,24.0,65.0,pubmed,Dove Medical Press Ltd,4374,1.063
ERJ Open Research,2312-0541,Respiratory Medicine,49,49,80.0,40.0,112.0,76.38775510204081,,,pubmed,European Respiratory Society,2816,1.367
Lung,1432-1750,Respiratory Medicine,48,48,52.5,38.25,76.25,59.166666666666664,,,pubmed,Springer,4778,1.007
"Annals of Allergy, Asthma and Immunology",1534-4436,Respiratory Medicine,49,49,46.0,3.0,76.0,57.87755102040816,,,pubmed,"American College of Allergy, Asthma and Immunology",4230,1.082
Respirology,1440-1843,Respiratory Medicine,50,50,29.5,6.0,155.75,84.44,,,pubmed,John Wiley and Sons Inc,2204,1.57
The Lancet Respiratory Medicine,2213-2619,Respiratory Medicine,40,40,14.5,6.0,96.75,53.45,,,pubmed,Elsevier Ltd,175,6.788
Advances in Rheumatology,2523-3106,Rheumatology,50,50,188.5,141.5,272.25,215.66,,,pubmed,BioMed Central Ltd,8946,0.645
Arthritis Care and Research,2151-464X,Rheumatology,49,49,164.0,80.0,226.0,159.91836734693877,,,pubmed,John Wiley and Sons Inc,2450,1.479
Rheumatology Advances in Practice,2514-1775,Rheumatology,39,39,125.0,100.0,183.0,152.2051282051282,44.0,139.5,pubmed,Oxford University Press,7904,0.715
International Journal of Rheumatic Diseases,1756-1841,Rheumatology,48,48,124.5,85.0,207.75,159.29166666666666,,,pubmed,John Wiley and Sons Inc,9975,0.582
BMC Rheumatology,2520-1026,Rheumatology,49,49,119.0,76.0,226.0,164.30612244897958,,,pubmed,BioMed Central Ltd,6727,0.805
Open Access Rheumatology: Research and Reviews,1179-156X,Rheumatology,50,50,96.0,73.75,112.75,94.78,35.0,60.5,pubmed,Dove Medical Press Ltd,8943,0.645
ACR Open Rheumatology,2578-5745,Rheumatology,50,50,81.5,33.5,121.75,92.86,,,pubmed,John Wiley and Sons Inc,4161,1.096
Journal of Rheumatic Diseases,2093-940X,Rheumatology,45,45,63.0,37.0,88.0,70.37777777777778,,,pubmed,Korean College of Rheumatology,6469,0.827
Current Rheumatology Reports,1534-6307,Rheumatology,12,12,60.5,39.0,71.0,61.0,,,pubmed,Springer,1725,1.809
Joint Bone Spine,1778-7254,Rheumatology,49,49,53.0,43.0,89.0,65.06122448979592,,,pubmed,Elsevier Masson s.r.l.,5614,0.909
Accident Analysis and Prevention,1879-2057,Sociology & Social Sciences,50,50,173.0,147.25,207.25,181.06,,,pubmed,Elsevier Ltd,1419,2.007
Surgery for Obesity and Related Diseases,1550-7289,Surgery,50,50,119.0,48.0,199.5,136.12,,,pubmed,Elsevier Inc.,3229,1.266
Surgery (United States),1532-7361,Surgery,49,49,93.0,61.0,131.0,103.83673469387755,,,pubmed,Elsevier Inc.,4167,1.095
Annals of Surgery,1528-1140,Surgery,28,28,91.0,23.75,119.25,82.14285714285714,,,pubmed,Wolters Kluwer Health,903,2.593
British Journal of Surgery,0007-1323,Surgery,32,32,82.5,47.5,124.25,87.25,,,pubmed,Oxford University Press,1934,1.69
Surgical Endoscopy,1432-2218,Surgery,50,50,77.5,61.0,102.75,91.16,,,pubmed,Springer,4645,1.023
Hernia : the journal of hernias and abdominal wall surgery,1265-4906,Surgery,48,48,68.0,56.75,82.0,73.625,,,pubmed,Springer Paris,4123,1.102
Transplantation Reviews,1557-9816,Surgery,49,49,53.0,31.0,71.0,55.83673469387755,,,pubmed,Elsevier Inc.,3813,1.153
Annals of Surgical Oncology,1068-9265,Surgery,24,24,8.5,2.75,58.75,40.958333333333336,,,pubmed,Springer Science and Business Media Deutschland GmbH,3816,1.152
